_source_file,action,calendar_size,calendar_size_after,calendar_size_sent,duplicates_ignored,event,final_sync,lamport,lamport_after,lamport_before,left_neighbor,message_id,message_lamport,message_vector,new_events_added,node_id,port,received_event_count,received_lamport,received_vector,receiver_node,right_neighbor,scheduled_delay_seconds,sender_node,state_hash,state_hash_after,state_hash_sent,vector,vector_after,vector_before,wall_time_utc
node-0.jsonl,NODE_START,,,,,,,,,,9,,,,,0,8000,,,,,1,,,,,,,,,2026-09-13T14:06:59.286Z
node-1.jsonl,NODE_START,,,,,,,,,,0,,,,,1,8000,,,,,2,,,,,,,,,2026-09-13T14:06:59.531Z
node-9.jsonl,NODE_START,,,,,,,,,,8,,,,,9,8000,,,,,0,,,,,,,,,2026-09-13T14:06:59.902Z
node-2.jsonl,NODE_START,,,,,,,,,,1,,,,,2,8000,,,,,3,,,,,,,,,2026-09-13T14:07:00.330Z
node-3.jsonl,NODE_START,,,,,,,,,,2,,,,,3,8000,,,,,4,,,,,,,,,2026-09-13T14:07:00.570Z
node-8.jsonl,NODE_START,,,,,,,,,,7,,,,,8,8000,,,,,9,,,,,,,,,2026-09-13T14:07:00.762Z
node-7.jsonl,NODE_START,,,,,,,,,,6,,,,,7,8000,,,,,8,,,,,,,,,2026-09-13T14:07:00.937Z
node-5.jsonl,NODE_START,,,,,,,,,,4,,,,,5,8000,,,,,6,,,,,,,,,2026-09-13T14:07:01.181Z
node-4.jsonl,NODE_START,,,,,,,,,,3,,,,,4,8000,,,,,5,,,,,,,,,2026-09-13T14:07:01.382Z
node-6.jsonl,NODE_START,,,,,,,,,,5,,,,,6,8000,,,,,7,,,,,,,,,2026-09-13T14:07:01.606Z
node-1.jsonl,LOCAL_SCHEDULE,,1,,,"{""creator_node"": 1, ""end_time"": ""14:00"", ""event_id"": ""N01-E01"", ""event_number"": 1, ""lamport_timestamp"": 1, ""simulation_date"": ""2030-10-01"", ""start_time"": ""13:40"", ""title"": ""Node 1 Event 1"", ""vector_timestamp"": [0, 1, 0, 0, 0, 0, 0, 0, 0, 0]}",,,1,,,,,,,1,,,,,,,34,,,32fba6288b88217f706913df55a7a22c33a3a409d97bf27766ae7ebd93f3ac62,,,"[0, 1, 0, 0, 0, 0, 0, 0, 0, 0]",,2026-09-13T14:07:33.580Z
node-1.jsonl,SEND_STATE,,,1,,,,,,,,N01-M0001,2,"[0, 2, 0, 0, 0, 0, 0, 0, 0, 0]",,1,,,,,0,,,,,,32fba6288b88217f706913df55a7a22c33a3a409d97bf27766ae7ebd93f3ac62,,,,2026-09-13T14:07:33.581Z
node-0.jsonl,RECEIVE_STATE,,1,,0,,False,,3,0,,N01-M0001,,,1,0,,1,2,"[0, 2, 0, 0, 0, 0, 0, 0, 0, 0]",,,,1,,32fba6288b88217f706913df55a7a22c33a3a409d97bf27766ae7ebd93f3ac62,,,"[1, 2, 0, 0, 0, 0, 0, 0, 0, 0]","[0, 0, 0, 0, 0, 0, 0, 0, 0, 0]",2026-09-13T14:07:33.601Z
node-1.jsonl,SEND_STATE,,,1,,,,,,,,N01-M0002,3,"[0, 3, 0, 0, 0, 0, 0, 0, 0, 0]",,1,,,,,2,,,,,,32fba6288b88217f706913df55a7a22c33a3a409d97bf27766ae7ebd93f3ac62,,,,2026-09-13T14:07:33.602Z
node-2.jsonl,RECEIVE_STATE,,1,,0,,False,,4,0,,N01-M0002,,,1,2,,1,3,"[0, 3, 0, 0, 0, 0, 0, 0, 0, 0]",,,,1,,32fba6288b88217f706913df55a7a22c33a3a409d97bf27766ae7ebd93f3ac62,,,"[0, 3, 1, 0, 0, 0, 0, 0, 0, 0]","[0, 0, 0, 0, 0, 0, 0, 0, 0, 0]",2026-09-13T14:07:33.604Z
node-4.jsonl,LOCAL_SCHEDULE,,1,,,"{""creator_node"": 4, ""end_time"": ""16:00"", ""event_id"": ""N04-E01"", ""event_number"": 1, ""lamport_timestamp"": 1, ""simulation_date"": ""2030-10-01"", ""start_time"": ""15:40"", ""title"": ""Node 4 Event 1"", ""vector_timestamp"": [0, 0, 0, 0, 1, 0, 0, 0, 0, 0]}",,,1,,,,,,,4,,,,,,,46,,,5bf9d1bc6c3253bcc83329c7de254dc4969f71b5c4c86042ab5bf43971a115c9,,,"[0, 0, 0, 0, 1, 0, 0, 0, 0, 0]",,2026-09-13T14:07:47.420Z
node-4.jsonl,SEND_STATE,,,1,,,,,,,,N04-M0001,2,"[0, 0, 0, 0, 2, 0, 0, 0, 0, 0]",,4,,,,,3,,,,,,5bf9d1bc6c3253bcc83329c7de254dc4969f71b5c4c86042ab5bf43971a115c9,,,,2026-09-13T14:07:47.421Z
node-3.jsonl,RECEIVE_STATE,,1,,0,,False,,3,0,,N04-M0001,,,1,3,,1,2,"[0, 0, 0, 0, 2, 0, 0, 0, 0, 0]",,,,4,,5bf9d1bc6c3253bcc83329c7de254dc4969f71b5c4c86042ab5bf43971a115c9,,,"[0, 0, 0, 1, 2, 0, 0, 0, 0, 0]","[0, 0, 0, 0, 0, 0, 0, 0, 0, 0]",2026-09-13T14:07:47.440Z
node-4.jsonl,SEND_STATE,,,1,,,,,,,,N04-M0002,3,"[0, 0, 0, 0, 3, 0, 0, 0, 0, 0]",,4,,,,,5,,,,,,5bf9d1bc6c3253bcc83329c7de254dc4969f71b5c4c86042ab5bf43971a115c9,,,,2026-09-13T14:07:47.441Z
node-5.jsonl,RECEIVE_STATE,,1,,0,,False,,4,0,,N04-M0002,,,1,5,,1,3,"[0, 0, 0, 0, 3, 0, 0, 0, 0, 0]",,,,4,,5bf9d1bc6c3253bcc83329c7de254dc4969f71b5c4c86042ab5bf43971a115c9,,,"[0, 0, 0, 0, 3, 1, 0, 0, 0, 0]","[0, 0, 0, 0, 0, 0, 0, 0, 0, 0]",2026-09-13T14:07:47.444Z
node-9.jsonl,LOCAL_SCHEDULE,,1,,,"{""creator_node"": 9, ""end_time"": ""17:00"", ""event_id"": ""N09-E01"", ""event_number"": 1, ""lamport_timestamp"": 1, ""simulation_date"": ""2030-10-01"", ""start_time"": ""16:40"", ""title"": ""Node 9 Event 1"", ""vector_timestamp"": [0, 0, 0, 0, 0, 0, 0, 0, 0, 1]}",,,1,,,,,,,9,,,,,,,52,,,e16ce961536a4ad7675cf29737143c54d0dc0c7265347215cc2d9cb7e2e71773,,,"[0, 0, 0, 0, 0, 0, 0, 0, 0, 1]",,2026-09-13T14:07:51.955Z
node-9.jsonl,SEND_STATE,,,1,,,,,,,,N09-M0001,2,"[0, 0, 0, 0, 0, 0, 0, 0, 0, 2]",,9,,,,,8,,,,,,e16ce961536a4ad7675cf29737143c54d0dc0c7265347215cc2d9cb7e2e71773,,,,2026-09-13T14:07:51.955Z
node-8.jsonl,RECEIVE_STATE,,1,,0,,False,,3,0,,N09-M0001,,,1,8,,1,2,"[0, 0, 0, 0, 0, 0, 0, 0, 0, 2]",,,,9,,e16ce961536a4ad7675cf29737143c54d0dc0c7265347215cc2d9cb7e2e71773,,,"[0, 0, 0, 0, 0, 0, 0, 0, 1, 2]","[0, 0, 0, 0, 0, 0, 0, 0, 0, 0]",2026-09-13T14:07:51.971Z
node-9.jsonl,SEND_STATE,,,1,,,,,,,,N09-M0002,3,"[0, 0, 0, 0, 0, 0, 0, 0, 0, 3]",,9,,,,,0,,,,,,e16ce961536a4ad7675cf29737143c54d0dc0c7265347215cc2d9cb7e2e71773,,,,2026-09-13T14:07:51.971Z
node-0.jsonl,RECEIVE_STATE,,2,,0,,False,,4,3,,N09-M0002,,,1,0,,1,3,"[0, 0, 0, 0, 0, 0, 0, 0, 0, 3]",,,,9,,fe035918546ff746caf7e34f75a11b653bd65f6423cb6e0c20fc88f1254f0d8d,,,"[2, 2, 0, 0, 0, 0, 0, 0, 0, 3]","[1, 2, 0, 0, 0, 0, 0, 0, 0, 0]",2026-09-13T14:07:51.972Z
node-6.jsonl,LOCAL_SCHEDULE,,1,,,"{""creator_node"": 6, ""end_time"": ""17:20"", ""event_id"": ""N06-E01"", ""event_number"": 1, ""lamport_timestamp"": 1, ""simulation_date"": ""2030-10-01"", ""start_time"": ""17:00"", ""title"": ""Node 6 Event 1"", ""vector_timestamp"": [0, 0, 0, 0, 0, 0, 1, 0, 0, 0]}",,,1,,,,,,,6,,,,,,,55,,,3675f733b9d6850690dec30b109ebb58216cadbb78a0ce6f96262a4a174bcd32,,,"[0, 0, 0, 0, 0, 0, 1, 0, 0, 0]",,2026-09-13T14:07:56.643Z
node-6.jsonl,SEND_STATE,,,1,,,,,,,,N06-M0001,2,"[0, 0, 0, 0, 0, 0, 2, 0, 0, 0]",,6,,,,,5,,,,,,3675f733b9d6850690dec30b109ebb58216cadbb78a0ce6f96262a4a174bcd32,,,,2026-09-13T14:07:56.644Z
node-5.jsonl,RECEIVE_STATE,,2,,0,,False,,5,4,,N06-M0001,,,1,5,,1,2,"[0, 0, 0, 0, 0, 0, 2, 0, 0, 0]",,,,6,,4cb8d498b92b4761d92e0bdca8a3260681a28df1ba144a60e6d795bcea75b444,,,"[0, 0, 0, 0, 3, 2, 2, 0, 0, 0]","[0, 0, 0, 0, 3, 1, 0, 0, 0, 0]",2026-09-13T14:07:56.657Z
node-6.jsonl,SEND_STATE,,,1,,,,,,,,N06-M0002,3,"[0, 0, 0, 0, 0, 0, 3, 0, 0, 0]",,6,,,,,7,,,,,,3675f733b9d6850690dec30b109ebb58216cadbb78a0ce6f96262a4a174bcd32,,,,2026-09-13T14:07:56.657Z
node-7.jsonl,RECEIVE_STATE,,1,,0,,False,,4,0,,N06-M0002,,,1,7,,1,3,"[0, 0, 0, 0, 0, 0, 3, 0, 0, 0]",,,,6,,3675f733b9d6850690dec30b109ebb58216cadbb78a0ce6f96262a4a174bcd32,,,"[0, 0, 0, 0, 0, 0, 3, 1, 0, 0]","[0, 0, 0, 0, 0, 0, 0, 0, 0, 0]",2026-09-13T14:07:56.659Z
node-0.jsonl,LOCAL_SCHEDULE,,3,,,"{""creator_node"": 0, ""end_time"": ""18:00"", ""event_id"": ""N00-E01"", ""event_number"": 1, ""lamport_timestamp"": 5, ""simulation_date"": ""2030-10-01"", ""start_time"": ""17:40"", ""title"": ""Node 0 Event 1"", ""vector_timestamp"": [3, 2, 0, 0, 0, 0, 0, 0, 0, 3]}",,,5,,,,,,,0,,,,,,,59,,,88cb364fa77e6f17e07820f51a278a4fdd4d587b31c2cf6b1e860dfd29130ed9,,,"[3, 2, 0, 0, 0, 0, 0, 0, 0, 3]",,2026-09-13T14:07:58.319Z
node-0.jsonl,SEND_STATE,,,3,,,,,,,,N00-M0001,6,"[4, 2, 0, 0, 0, 0, 0, 0, 0, 3]",,0,,,,,9,,,,,,88cb364fa77e6f17e07820f51a278a4fdd4d587b31c2cf6b1e860dfd29130ed9,,,,2026-09-13T14:07:58.321Z
node-9.jsonl,RECEIVE_STATE,,3,,1,,False,,7,3,,N00-M0001,,,2,9,,3,6,"[4, 2, 0, 0, 0, 0, 0, 0, 0, 3]",,,,0,,88cb364fa77e6f17e07820f51a278a4fdd4d587b31c2cf6b1e860dfd29130ed9,,,"[4, 2, 0, 0, 0, 0, 0, 0, 0, 4]","[0, 0, 0, 0, 0, 0, 0, 0, 0, 3]",2026-09-13T14:07:58.334Z
node-0.jsonl,SEND_STATE,,,3,,,,,,,,N00-M0002,7,"[5, 2, 0, 0, 0, 0, 0, 0, 0, 3]",,0,,,,,1,,,,,,88cb364fa77e6f17e07820f51a278a4fdd4d587b31c2cf6b1e860dfd29130ed9,,,,2026-09-13T14:07:58.335Z
node-1.jsonl,RECEIVE_STATE,,3,,1,,False,,8,3,,N00-M0002,,,2,1,,3,7,"[5, 2, 0, 0, 0, 0, 0, 0, 0, 3]",,,,0,,88cb364fa77e6f17e07820f51a278a4fdd4d587b31c2cf6b1e860dfd29130ed9,,,"[5, 4, 0, 0, 0, 0, 0, 0, 0, 3]","[0, 3, 0, 0, 0, 0, 0, 0, 0, 0]",2026-09-13T14:07:58.342Z
node-7.jsonl,LOCAL_SCHEDULE,,2,,,"{""creator_node"": 7, ""end_time"": ""19:00"", ""event_id"": ""N07-E01"", ""event_number"": 1, ""lamport_timestamp"": 5, ""simulation_date"": ""2030-10-01"", ""start_time"": ""18:40"", ""title"": ""Node 7 Event 1"", ""vector_timestamp"": [0, 0, 0, 0, 0, 0, 3, 2, 0, 0]}",,,5,,,,,,,7,,,,,,,65,,,93dbf61c0805c72922287658e345432a7c9aa2899aa278d8a322ba1f2ed9a189,,,"[0, 0, 0, 0, 0, 0, 3, 2, 0, 0]",,2026-09-13T14:08:05.960Z
node-7.jsonl,SEND_STATE,,,2,,,,,,,,N07-M0001,6,"[0, 0, 0, 0, 0, 0, 3, 3, 0, 0]",,7,,,,,6,,,,,,93dbf61c0805c72922287658e345432a7c9aa2899aa278d8a322ba1f2ed9a189,,,,2026-09-13T14:08:05.961Z
node-6.jsonl,RECEIVE_STATE,,2,,1,,False,,7,3,,N07-M0001,,,1,6,,2,6,"[0, 0, 0, 0, 0, 0, 3, 3, 0, 0]",,,,7,,93dbf61c0805c72922287658e345432a7c9aa2899aa278d8a322ba1f2ed9a189,,,"[0, 0, 0, 0, 0, 0, 4, 3, 0, 0]","[0, 0, 0, 0, 0, 0, 3, 0, 0, 0]",2026-09-13T14:08:05.975Z
node-7.jsonl,SEND_STATE,,,2,,,,,,,,N07-M0002,7,"[0, 0, 0, 0, 0, 0, 3, 4, 0, 0]",,7,,,,,8,,,,,,93dbf61c0805c72922287658e345432a7c9aa2899aa278d8a322ba1f2ed9a189,,,,2026-09-13T14:08:05.976Z
node-8.jsonl,RECEIVE_STATE,,3,,0,,False,,8,3,,N07-M0002,,,2,8,,2,7,"[0, 0, 0, 0, 0, 0, 3, 4, 0, 0]",,,,7,,8f2c78d259c81f9d2ec3a786a8fa11e1f93ca7c14a0425d9cad5219dfdb73926,,,"[0, 0, 0, 0, 0, 0, 3, 4, 2, 2]","[0, 0, 0, 0, 0, 0, 0, 0, 1, 2]",2026-09-13T14:08:05.977Z
node-5.jsonl,LOCAL_SCHEDULE,,3,,,"{""creator_node"": 5, ""end_time"": ""19:40"", ""event_id"": ""N05-E01"", ""event_number"": 1, ""lamport_timestamp"": 6, ""simulation_date"": ""2030-10-01"", ""start_time"": ""19:20"", ""title"": ""Node 5 Event 1"", ""vector_timestamp"": [0, 0, 0, 0, 3, 3, 2, 0, 0, 0]}",,,6,,,,,,,5,,,,,,,68,,,1ddf01f4247a366f95cf937dd23002c29119d11d4458629227d8ffb041f5adbe,,,"[0, 0, 0, 0, 3, 3, 2, 0, 0, 0]",,2026-09-13T14:08:09.197Z
node-5.jsonl,SEND_STATE,,,3,,,,,,,,N05-M0001,7,"[0, 0, 0, 0, 3, 4, 2, 0, 0, 0]",,5,,,,,4,,,,,,1ddf01f4247a366f95cf937dd23002c29119d11d4458629227d8ffb041f5adbe,,,,2026-09-13T14:08:09.198Z
node-4.jsonl,RECEIVE_STATE,,3,,1,,False,,8,3,,N05-M0001,,,2,4,,3,7,"[0, 0, 0, 0, 3, 4, 2, 0, 0, 0]",,,,5,,1ddf01f4247a366f95cf937dd23002c29119d11d4458629227d8ffb041f5adbe,,,"[0, 0, 0, 0, 4, 4, 2, 0, 0, 0]","[0, 0, 0, 0, 3, 0, 0, 0, 0, 0]",2026-09-13T14:08:09.207Z
node-5.jsonl,SEND_STATE,,,3,,,,,,,,N05-M0002,8,"[0, 0, 0, 0, 3, 5, 2, 0, 0, 0]",,5,,,,,6,,,,,,1ddf01f4247a366f95cf937dd23002c29119d11d4458629227d8ffb041f5adbe,,,,2026-09-13T14:08:09.208Z
node-6.jsonl,RECEIVE_STATE,,4,,1,,False,,9,7,,N05-M0002,,,2,6,,3,8,"[0, 0, 0, 0, 3, 5, 2, 0, 0, 0]",,,,5,,f13840c488410ba4996254b5e7c049c2fc525dfa5640835ec1f236fb7731d1f8,,,"[0, 0, 0, 0, 3, 5, 5, 3, 0, 0]","[0, 0, 0, 0, 0, 0, 4, 3, 0, 0]",2026-09-13T14:08:09.209Z
node-2.jsonl,LOCAL_SCHEDULE,,2,,,"{""creator_node"": 2, ""end_time"": ""20:40"", ""event_id"": ""N02-E01"", ""event_number"": 1, ""lamport_timestamp"": 5, ""simulation_date"": ""2030-10-01"", ""start_time"": ""20:20"", ""title"": ""Node 2 Event 1"", ""vector_timestamp"": [0, 3, 2, 0, 0, 0, 0, 0, 0, 0]}",,,5,,,,,,,2,,,,,,,75,,,ea37c5f4e5477bf163b6da48a85ca28d94e3f04f62b9acaf23fd2f45b7e16678,,,"[0, 3, 2, 0, 0, 0, 0, 0, 0, 0]",,2026-09-13T14:08:15.362Z
node-2.jsonl,SEND_STATE,,,2,,,,,,,,N02-M0001,6,"[0, 3, 3, 0, 0, 0, 0, 0, 0, 0]",,2,,,,,1,,,,,,ea37c5f4e5477bf163b6da48a85ca28d94e3f04f62b9acaf23fd2f45b7e16678,,,,2026-09-13T14:08:15.363Z
node-1.jsonl,RECEIVE_STATE,,4,,1,,False,,9,8,,N02-M0001,,,1,1,,2,6,"[0, 3, 3, 0, 0, 0, 0, 0, 0, 0]",,,,2,,3b8e980959a202276b2b965b1b9f91a91955844c29266c4433c414d0a1822a2c,,,"[5, 5, 3, 0, 0, 0, 0, 0, 0, 3]","[5, 4, 0, 0, 0, 0, 0, 0, 0, 3]",2026-09-13T14:08:15.378Z
node-2.jsonl,SEND_STATE,,,2,,,,,,,,N02-M0002,7,"[0, 3, 4, 0, 0, 0, 0, 0, 0, 0]",,2,,,,,3,,,,,,ea37c5f4e5477bf163b6da48a85ca28d94e3f04f62b9acaf23fd2f45b7e16678,,,,2026-09-13T14:08:15.378Z
node-3.jsonl,RECEIVE_STATE,,3,,0,,False,,8,3,,N02-M0002,,,2,3,,2,7,"[0, 3, 4, 0, 0, 0, 0, 0, 0, 0]",,,,2,,7efef7f9f8c7f41269b96f70b1c279de22044958ef8a448987f6a3608667b7eb,,,"[0, 3, 4, 2, 2, 0, 0, 0, 0, 0]","[0, 0, 0, 1, 2, 0, 0, 0, 0, 0]",2026-09-13T14:08:15.379Z
node-1.jsonl,LOCAL_SCHEDULE,,5,,,"{""creator_node"": 1, ""end_time"": ""16:40"", ""event_id"": ""N01-E02"", ""event_number"": 2, ""lamport_timestamp"": 10, ""simulation_date"": ""2030-10-01"", ""start_time"": ""16:20"", ""title"": ""Node 1 Event 2"", ""vector_timestamp"": [5, 6, 3, 0, 0, 0, 0, 0, 0, 3]}",,,10,,,,,,,1,,,,,,,51,,,590ddfc97b16c5e202407b915a412731b6aadfe7b00240a6d9d4da3f521ffc85,,,"[5, 6, 3, 0, 0, 0, 0, 0, 0, 3]",,2026-09-13T14:08:24.604Z
node-1.jsonl,SEND_STATE,,,5,,,,,,,,N01-M0003,11,"[5, 7, 3, 0, 0, 0, 0, 0, 0, 3]",,1,,,,,0,,,,,,590ddfc97b16c5e202407b915a412731b6aadfe7b00240a6d9d4da3f521ffc85,,,,2026-09-13T14:08:24.605Z
node-0.jsonl,RECEIVE_STATE,,5,,3,,False,,12,7,,N01-M0003,,,2,0,,5,11,"[5, 7, 3, 0, 0, 0, 0, 0, 0, 3]",,,,1,,590ddfc97b16c5e202407b915a412731b6aadfe7b00240a6d9d4da3f521ffc85,,,"[6, 7, 3, 0, 0, 0, 0, 0, 0, 3]","[5, 2, 0, 0, 0, 0, 0, 0, 0, 3]",2026-09-13T14:08:24.608Z
node-1.jsonl,SEND_STATE,,,5,,,,,,,,N01-M0004,12,"[5, 8, 3, 0, 0, 0, 0, 0, 0, 3]",,1,,,,,2,,,,,,590ddfc97b16c5e202407b915a412731b6aadfe7b00240a6d9d4da3f521ffc85,,,,2026-09-13T14:08:24.609Z
node-2.jsonl,RECEIVE_STATE,,5,,2,,False,,13,7,,N01-M0004,,,3,2,,5,12,"[5, 8, 3, 0, 0, 0, 0, 0, 0, 3]",,,,1,,590ddfc97b16c5e202407b915a412731b6aadfe7b00240a6d9d4da3f521ffc85,,,"[5, 8, 5, 0, 0, 0, 0, 0, 0, 3]","[0, 3, 4, 0, 0, 0, 0, 0, 0, 0]",2026-09-13T14:08:24.614Z
node-3.jsonl,LOCAL_SCHEDULE,,4,,,"{""creator_node"": 3, ""end_time"": ""22:40"", ""event_id"": ""N03-E01"", ""event_number"": 1, ""lamport_timestamp"": 9, ""simulation_date"": ""2030-10-01"", ""start_time"": ""22:20"", ""title"": ""Node 3 Event 1"", ""vector_timestamp"": [0, 3, 4, 3, 2, 0, 0, 0, 0, 0]}",,,9,,,,,,,3,,,,,,,86,,,127ea923ae3fb5a1d41ab417d81c43e73e0c45e77f7dc305cb74fd3495009017,,,"[0, 3, 4, 3, 2, 0, 0, 0, 0, 0]",,2026-09-13T14:08:26.604Z
node-3.jsonl,SEND_STATE,,,4,,,,,,,,N03-M0001,10,"[0, 3, 4, 4, 2, 0, 0, 0, 0, 0]",,3,,,,,2,,,,,,127ea923ae3fb5a1d41ab417d81c43e73e0c45e77f7dc305cb74fd3495009017,,,,2026-09-13T14:08:26.604Z
node-2.jsonl,RECEIVE_STATE,,7,,2,,False,,14,13,,N03-M0001,,,2,2,,4,10,"[0, 3, 4, 4, 2, 0, 0, 0, 0, 0]",,,,3,,b0f9d7ec6f057a50d5c3ebbe808615c80840dc3af5f7d6234c89c976d1d6e4da,,,"[5, 8, 6, 4, 2, 0, 0, 0, 0, 3]","[5, 8, 5, 0, 0, 0, 0, 0, 0, 3]",2026-09-13T14:08:26.617Z
node-3.jsonl,SEND_STATE,,,4,,,,,,,,N03-M0002,11,"[0, 3, 4, 5, 2, 0, 0, 0, 0, 0]",,3,,,,,4,,,,,,127ea923ae3fb5a1d41ab417d81c43e73e0c45e77f7dc305cb74fd3495009017,,,,2026-09-13T14:08:26.617Z
node-4.jsonl,RECEIVE_STATE,,6,,1,,False,,12,8,,N03-M0002,,,3,4,,4,11,"[0, 3, 4, 5, 2, 0, 0, 0, 0, 0]",,,,3,,edbd9a93572f5bd7745ce00e975f82ee228ad76d38626160a22fe0b340300db0,,,"[0, 3, 4, 5, 5, 4, 2, 0, 0, 0]","[0, 0, 0, 0, 4, 4, 2, 0, 0, 0]",2026-09-13T14:08:26.618Z
node-8.jsonl,LOCAL_SCHEDULE,,4,,,"{""creator_node"": 8, ""end_time"": ""22:40"", ""event_id"": ""N08-E01"", ""event_number"": 1, ""lamport_timestamp"": 9, ""simulation_date"": ""2030-10-01"", ""start_time"": ""22:20"", ""title"": ""Node 8 Event 1"", ""vector_timestamp"": [0, 0, 0, 0, 0, 0, 3, 4, 3, 2]}",,,9,,,,,,,8,,,,,,,87,,,77441633fdcc8adbb6d2edf794c48fc2b60c55d0dacd9a4483762e82c032d67e,,,"[0, 0, 0, 0, 0, 0, 3, 4, 3, 2]",,2026-09-13T14:08:27.794Z
node-8.jsonl,SEND_STATE,,,4,,,,,,,,N08-M0001,10,"[0, 0, 0, 0, 0, 0, 3, 4, 4, 2]",,8,,,,,7,,,,,,77441633fdcc8adbb6d2edf794c48fc2b60c55d0dacd9a4483762e82c032d67e,,,,2026-09-13T14:08:27.796Z
node-7.jsonl,RECEIVE_STATE,,4,,2,,False,,11,7,,N08-M0001,,,2,7,,4,10,"[0, 0, 0, 0, 0, 0, 3, 4, 4, 2]",,,,8,,77441633fdcc8adbb6d2edf794c48fc2b60c55d0dacd9a4483762e82c032d67e,,,"[0, 0, 0, 0, 0, 0, 3, 5, 4, 2]","[0, 0, 0, 0, 0, 0, 3, 4, 0, 0]",2026-09-13T14:08:27.809Z
node-8.jsonl,SEND_STATE,,,4,,,,,,,,N08-M0002,11,"[0, 0, 0, 0, 0, 0, 3, 4, 5, 2]",,8,,,,,9,,,,,,77441633fdcc8adbb6d2edf794c48fc2b60c55d0dacd9a4483762e82c032d67e,,,,2026-09-13T14:08:27.810Z
node-9.jsonl,RECEIVE_STATE,,6,,1,,False,,12,7,,N08-M0002,,,3,9,,4,11,"[0, 0, 0, 0, 0, 0, 3, 4, 5, 2]",,,,8,,e88ccf7878eafc2cb3e4beebe70e6291ed0ccac4bd8837eecf78880dcedbe530,,,"[4, 2, 0, 0, 0, 0, 3, 4, 5, 5]","[4, 2, 0, 0, 0, 0, 0, 0, 0, 4]",2026-09-13T14:08:27.812Z
node-6.jsonl,LOCAL_SCHEDULE,,5,,,"{""creator_node"": 6, ""end_time"": ""14:00"", ""event_id"": ""N06-E02"", ""event_number"": 2, ""lamport_timestamp"": 10, ""simulation_date"": ""2030-10-01"", ""start_time"": ""13:40"", ""title"": ""Node 6 Event 2"", ""vector_timestamp"": [0, 0, 0, 0, 3, 5, 6, 3, 0, 0]}",,,10,,,,,,,6,,,,,,,35,,,13f7c964a287e9093c1a2c20950e524ac58337474b35b814a307182fbfd0e28f,,,"[0, 0, 0, 0, 3, 5, 6, 3, 0, 0]",,2026-09-13T14:08:31.659Z
node-6.jsonl,SEND_STATE,,,5,,,,,,,,N06-M0003,11,"[0, 0, 0, 0, 3, 5, 7, 3, 0, 0]",,6,,,,,5,,,,,,13f7c964a287e9093c1a2c20950e524ac58337474b35b814a307182fbfd0e28f,,,,2026-09-13T14:08:31.660Z
node-5.jsonl,RECEIVE_STATE,,5,,3,,False,,12,8,,N06-M0003,,,2,5,,5,11,"[0, 0, 0, 0, 3, 5, 7, 3, 0, 0]",,,,6,,13f7c964a287e9093c1a2c20950e524ac58337474b35b814a307182fbfd0e28f,,,"[0, 0, 0, 0, 3, 6, 7, 3, 0, 0]","[0, 0, 0, 0, 3, 5, 2, 0, 0, 0]",2026-09-13T14:08:31.664Z
node-6.jsonl,SEND_STATE,,,5,,,,,,,,N06-M0004,12,"[0, 0, 0, 0, 3, 5, 8, 3, 0, 0]",,6,,,,,7,,,,,,13f7c964a287e9093c1a2c20950e524ac58337474b35b814a307182fbfd0e28f,,,,2026-09-13T14:08:31.666Z
node-7.jsonl,RECEIVE_STATE,,7,,2,,False,,13,11,,N06-M0004,,,3,7,,5,12,"[0, 0, 0, 0, 3, 5, 8, 3, 0, 0]",,,,6,,7058957611b970078261c1fa8464cc1070a3a2eb798a71b4c0dfd34ae4b6e46a,,,"[0, 0, 0, 0, 3, 5, 8, 6, 4, 2]","[0, 0, 0, 0, 0, 0, 3, 5, 4, 2]",2026-09-13T14:08:31.667Z
node-9.jsonl,LOCAL_SCHEDULE,,7,,,"{""creator_node"": 9, ""end_time"": ""18:20"", ""event_id"": ""N09-E02"", ""event_number"": 2, ""lamport_timestamp"": 13, ""simulation_date"": ""2030-10-01"", ""start_time"": ""18:00"", ""title"": ""Node 9 Event 2"", ""vector_timestamp"": [4, 2, 0, 0, 0, 0, 3, 4, 5, 6]}",,,13,,,,,,,9,,,,,,,60,,,db7bc71f701274e602e11c3db58cf2088925967e5f9f4e36ee37def4a6fb8041,,,"[4, 2, 0, 0, 0, 0, 3, 4, 5, 6]",,2026-09-13T14:08:51.970Z
node-9.jsonl,SEND_STATE,,,7,,,,,,,,N09-M0003,14,"[4, 2, 0, 0, 0, 0, 3, 4, 5, 7]",,9,,,,,8,,,,,,db7bc71f701274e602e11c3db58cf2088925967e5f9f4e36ee37def4a6fb8041,,,,2026-09-13T14:08:51.971Z
node-8.jsonl,RECEIVE_STATE,,7,,4,,False,,15,11,,N09-M0003,,,3,8,,7,14,"[4, 2, 0, 0, 0, 0, 3, 4, 5, 7]",,,,9,,db7bc71f701274e602e11c3db58cf2088925967e5f9f4e36ee37def4a6fb8041,,,"[4, 2, 0, 0, 0, 0, 3, 4, 6, 7]","[0, 0, 0, 0, 0, 0, 3, 4, 5, 2]",2026-09-13T14:08:51.981Z
node-9.jsonl,SEND_STATE,,,7,,,,,,,,N09-M0004,15,"[4, 2, 0, 0, 0, 0, 3, 4, 5, 8]",,9,,,,,0,,,,,,db7bc71f701274e602e11c3db58cf2088925967e5f9f4e36ee37def4a6fb8041,,,,2026-09-13T14:08:51.982Z
node-0.jsonl,RECEIVE_STATE,,9,,3,,False,,16,12,,N09-M0004,,,4,0,,7,15,"[4, 2, 0, 0, 0, 0, 3, 4, 5, 8]",,,,9,,b092bcfc49500ed2a32cd64b9685ef6478e76df459675ce2ff218c0008954050,,,"[7, 7, 3, 0, 0, 0, 3, 4, 5, 8]","[6, 7, 3, 0, 0, 0, 0, 0, 0, 3]",2026-09-13T14:08:51.984Z
node-5.jsonl,LOCAL_SCHEDULE,,6,,,"{""creator_node"": 5, ""end_time"": ""15:20"", ""event_id"": ""N05-E02"", ""event_number"": 2, ""lamport_timestamp"": 13, ""simulation_date"": ""2030-10-01"", ""start_time"": ""15:00"", ""title"": ""Node 5 Event 2"", ""vector_timestamp"": [0, 0, 0, 0, 3, 7, 7, 3, 0, 0]}",,,13,,,,,,,5,,,,,,,43,,,6b195c9d323af943cc69ae1b79d8a530c2b691f98ba68c9c51e8a240417855b7,,,"[0, 0, 0, 0, 3, 7, 7, 3, 0, 0]",,2026-09-13T14:08:52.209Z
node-5.jsonl,SEND_STATE,,,6,,,,,,,,N05-M0003,14,"[0, 0, 0, 0, 3, 8, 7, 3, 0, 0]",,5,,,,,4,,,,,,6b195c9d323af943cc69ae1b79d8a530c2b691f98ba68c9c51e8a240417855b7,,,,2026-09-13T14:08:52.211Z
node-4.jsonl,RECEIVE_STATE,,9,,3,,False,,15,12,,N05-M0003,,,3,4,,6,14,"[0, 0, 0, 0, 3, 8, 7, 3, 0, 0]",,,,5,,f5059a545ec37adf3cd14d19305c3c39ab15cb8afb66b13920ec20f54a599afe,,,"[0, 3, 4, 5, 6, 8, 7, 3, 0, 0]","[0, 3, 4, 5, 5, 4, 2, 0, 0, 0]",2026-09-13T14:08:52.215Z
node-5.jsonl,SEND_STATE,,,6,,,,,,,,N05-M0004,15,"[0, 0, 0, 0, 3, 9, 7, 3, 0, 0]",,5,,,,,6,,,,,,6b195c9d323af943cc69ae1b79d8a530c2b691f98ba68c9c51e8a240417855b7,,,,2026-09-13T14:08:52.216Z
node-6.jsonl,RECEIVE_STATE,,6,,5,,False,,16,12,,N05-M0004,,,1,6,,6,15,"[0, 0, 0, 0, 3, 9, 7, 3, 0, 0]",,,,5,,6b195c9d323af943cc69ae1b79d8a530c2b691f98ba68c9c51e8a240417855b7,,,"[0, 0, 0, 0, 3, 9, 9, 3, 0, 0]","[0, 0, 0, 0, 3, 5, 8, 3, 0, 0]",2026-09-13T14:08:52.223Z
node-7.jsonl,LOCAL_SCHEDULE,,8,,,"{""creator_node"": 7, ""end_time"": ""17:20"", ""event_id"": ""N07-E02"", ""event_number"": 2, ""lamport_timestamp"": 14, ""simulation_date"": ""2030-10-01"", ""start_time"": ""17:00"", ""title"": ""Node 7 Event 2"", ""vector_timestamp"": [0, 0, 0, 0, 3, 5, 8, 7, 4, 2]}",,,14,,,,,,,7,,,,,,,54,,,305c03ecc738d622155fe09d8f9c49d72a4cf4ecb4b5d1e9a0137b4c4728302f,,,"[0, 0, 0, 0, 3, 5, 8, 7, 4, 2]",,2026-09-13T14:08:59.976Z
node-7.jsonl,SEND_STATE,,,8,,,,,,,,N07-M0003,15,"[0, 0, 0, 0, 3, 5, 8, 8, 4, 2]",,7,,,,,6,,,,,,305c03ecc738d622155fe09d8f9c49d72a4cf4ecb4b5d1e9a0137b4c4728302f,,,,2026-09-13T14:08:59.977Z
node-6.jsonl,RECEIVE_STATE,,9,,5,,False,,17,16,,N07-M0003,,,3,6,,8,15,"[0, 0, 0, 0, 3, 5, 8, 8, 4, 2]",,,,7,,73cc26fe63fd3bb0f5875931564058bb94efd3136dc63cae30c80801f68d0f64,,,"[0, 0, 0, 0, 3, 9, 10, 8, 4, 2]","[0, 0, 0, 0, 3, 9, 9, 3, 0, 0]",2026-09-13T14:08:59.979Z
node-7.jsonl,SEND_STATE,,,8,,,,,,,,N07-M0004,16,"[0, 0, 0, 0, 3, 5, 8, 9, 4, 2]",,7,,,,,8,,,,,,305c03ecc738d622155fe09d8f9c49d72a4cf4ecb4b5d1e9a0137b4c4728302f,,,,2026-09-13T14:08:59.980Z
node-8.jsonl,RECEIVE_STATE,,11,,4,,False,,17,15,,N07-M0004,,,4,8,,8,16,"[0, 0, 0, 0, 3, 5, 8, 9, 4, 2]",,,,7,,333104e9ddcd8de83fd4d8623e83538508f8363bc645b9643c5aa1eefbf0e8ab,,,"[4, 2, 0, 0, 3, 5, 8, 9, 7, 7]","[4, 2, 0, 0, 0, 0, 3, 4, 6, 7]",2026-09-13T14:08:59.982Z
node-0.jsonl,LOCAL_SCHEDULE,,10,,,"{""creator_node"": 0, ""end_time"": ""20:40"", ""event_id"": ""N00-E02"", ""event_number"": 2, ""lamport_timestamp"": 17, ""simulation_date"": ""2030-10-01"", ""start_time"": ""20:20"", ""title"": ""Node 0 Event 2"", ""vector_timestamp"": [8, 7, 3, 0, 0, 0, 3, 4, 5, 8]}",,,17,,,,,,,0,,,,,,,74,,,9979a0de4b6f0fbbb6c7ab3a09632f22f62b71512157e6915413d4c6b3d01f00,,,"[8, 7, 3, 0, 0, 0, 3, 4, 5, 8]",,2026-09-13T14:09:12.337Z
node-0.jsonl,SEND_STATE,,,10,,,,,,,,N00-M0003,18,"[9, 7, 3, 0, 0, 0, 3, 4, 5, 8]",,0,,,,,9,,,,,,9979a0de4b6f0fbbb6c7ab3a09632f22f62b71512157e6915413d4c6b3d01f00,,,,2026-09-13T14:09:12.340Z
node-9.jsonl,RECEIVE_STATE,,10,,7,,False,,19,15,,N00-M0003,,,3,9,,10,18,"[9, 7, 3, 0, 0, 0, 3, 4, 5, 8]",,,,0,,9979a0de4b6f0fbbb6c7ab3a09632f22f62b71512157e6915413d4c6b3d01f00,,,"[9, 7, 3, 0, 0, 0, 3, 4, 5, 9]","[4, 2, 0, 0, 0, 0, 3, 4, 5, 8]",2026-09-13T14:09:12.347Z
node-0.jsonl,SEND_STATE,,,10,,,,,,,,N00-M0004,19,"[10, 7, 3, 0, 0, 0, 3, 4, 5, 8]",,0,,,,,1,,,,,,9979a0de4b6f0fbbb6c7ab3a09632f22f62b71512157e6915413d4c6b3d01f00,,,,2026-09-13T14:09:12.348Z
node-1.jsonl,RECEIVE_STATE,,10,,5,,False,,20,12,,N00-M0004,,,5,1,,10,19,"[10, 7, 3, 0, 0, 0, 3, 4, 5, 8]",,,,0,,9979a0de4b6f0fbbb6c7ab3a09632f22f62b71512157e6915413d4c6b3d01f00,,,"[10, 9, 3, 0, 0, 0, 3, 4, 5, 8]","[5, 8, 3, 0, 0, 0, 0, 0, 0, 3]",2026-09-13T14:09:12.350Z
node-3.jsonl,LOCAL_SCHEDULE,,5,,,"{""creator_node"": 3, ""end_time"": ""16:20"", ""event_id"": ""N03-E02"", ""event_number"": 2, ""lamport_timestamp"": 12, ""simulation_date"": ""2030-10-01"", ""start_time"": ""16:00"", ""title"": ""Node 3 Event 2"", ""vector_timestamp"": [0, 3, 4, 6, 2, 0, 0, 0, 0, 0]}",,,12,,,,,,,3,,,,,,,48,,,6e58f259678abfdb2cc32a13c071feb30e1279e4f4dcdd8f1eec69cd92dd4744,,,"[0, 3, 4, 6, 2, 0, 0, 0, 0, 0]",,2026-09-13T14:09:14.614Z
node-3.jsonl,SEND_STATE,,,5,,,,,,,,N03-M0003,13,"[0, 3, 4, 7, 2, 0, 0, 0, 0, 0]",,3,,,,,2,,,,,,6e58f259678abfdb2cc32a13c071feb30e1279e4f4dcdd8f1eec69cd92dd4744,,,,2026-09-13T14:09:14.615Z
node-2.jsonl,RECEIVE_STATE,,8,,4,,False,,15,14,,N03-M0003,,,1,2,,5,13,"[0, 3, 4, 7, 2, 0, 0, 0, 0, 0]",,,,3,,f44894b64f531bae3d61b4a54147080ca7e4e9d8280766e049c16013c2bc175b,,,"[5, 8, 7, 7, 2, 0, 0, 0, 0, 3]","[5, 8, 6, 4, 2, 0, 0, 0, 0, 3]",2026-09-13T14:09:14.623Z
node-3.jsonl,SEND_STATE,,,5,,,,,,,,N03-M0004,14,"[0, 3, 4, 8, 2, 0, 0, 0, 0, 0]",,3,,,,,4,,,,,,6e58f259678abfdb2cc32a13c071feb30e1279e4f4dcdd8f1eec69cd92dd4744,,,,2026-09-13T14:09:14.624Z
node-4.jsonl,RECEIVE_STATE,,10,,4,,False,,16,15,,N03-M0004,,,1,4,,5,14,"[0, 3, 4, 8, 2, 0, 0, 0, 0, 0]",,,,3,,a5e7dbcd596826d98c91418c7cef64868d2b6bbfd64afc80f5581d8f887366bd,,,"[0, 3, 4, 8, 7, 8, 7, 3, 0, 0]","[0, 3, 4, 5, 6, 8, 7, 3, 0, 0]",2026-09-13T14:09:14.627Z
node-4.jsonl,LOCAL_SCHEDULE,,11,,,"{""creator_node"": 4, ""end_time"": ""21:00"", ""event_id"": ""N04-E02"", ""event_number"": 2, ""lamport_timestamp"": 17, ""simulation_date"": ""2030-10-01"", ""start_time"": ""20:40"", ""title"": ""Node 4 Event 2"", ""vector_timestamp"": [0, 3, 4, 8, 8, 8, 7, 3, 0, 0]}",,,17,,,,,,,4,,,,,,,88,,,db9f42d8326283c7dbc1385cdb8b63758f4d5716ef525547404599d0771365ac,,,"[0, 3, 4, 8, 8, 8, 7, 3, 0, 0]",,2026-09-13T14:09:15.439Z
node-4.jsonl,SEND_STATE,,,11,,,,,,,,N04-M0003,18,"[0, 3, 4, 8, 9, 8, 7, 3, 0, 0]",,4,,,,,3,,,,,,db9f42d8326283c7dbc1385cdb8b63758f4d5716ef525547404599d0771365ac,,,,2026-09-13T14:09:15.441Z
node-3.jsonl,RECEIVE_STATE,,11,,5,,False,,19,14,,N04-M0003,,,6,3,,11,18,"[0, 3, 4, 8, 9, 8, 7, 3, 0, 0]",,,,4,,db9f42d8326283c7dbc1385cdb8b63758f4d5716ef525547404599d0771365ac,,,"[0, 3, 4, 9, 9, 8, 7, 3, 0, 0]","[0, 3, 4, 8, 2, 0, 0, 0, 0, 0]",2026-09-13T14:09:15.446Z
node-4.jsonl,SEND_STATE,,,11,,,,,,,,N04-M0004,19,"[0, 3, 4, 8, 10, 8, 7, 3, 0, 0]",,4,,,,,5,,,,,,db9f42d8326283c7dbc1385cdb8b63758f4d5716ef525547404599d0771365ac,,,,2026-09-13T14:09:15.448Z
node-5.jsonl,RECEIVE_STATE,,11,,6,,False,,20,15,,N04-M0004,,,5,5,,11,19,"[0, 3, 4, 8, 10, 8, 7, 3, 0, 0]",,,,4,,db9f42d8326283c7dbc1385cdb8b63758f4d5716ef525547404599d0771365ac,,,"[0, 3, 4, 8, 10, 10, 7, 3, 0, 0]","[0, 0, 0, 0, 3, 9, 7, 3, 0, 0]",2026-09-13T14:09:15.450Z
node-8.jsonl,LOCAL_SCHEDULE,,12,,,"{""creator_node"": 8, ""end_time"": ""16:20"", ""event_id"": ""N08-E02"", ""event_number"": 2, ""lamport_timestamp"": 18, ""simulation_date"": ""2030-10-01"", ""start_time"": ""16:00"", ""title"": ""Node 8 Event 2"", ""vector_timestamp"": [4, 2, 0, 0, 3, 5, 8, 9, 8, 7]}",,,18,,,,,,,8,,,,,,,48,,,22c2bb68987ecc195ba612a706ec9f858adbb794462b2e54c2916647b3b0e41a,,,"[4, 2, 0, 0, 3, 5, 8, 9, 8, 7]",,2026-09-13T14:09:15.810Z
node-8.jsonl,SEND_STATE,,,12,,,,,,,,N08-M0003,19,"[4, 2, 0, 0, 3, 5, 8, 9, 9, 7]",,8,,,,,7,,,,,,22c2bb68987ecc195ba612a706ec9f858adbb794462b2e54c2916647b3b0e41a,,,,2026-09-13T14:09:15.813Z
node-7.jsonl,RECEIVE_STATE,,12,,8,,False,,20,16,,N08-M0003,,,4,7,,12,19,"[4, 2, 0, 0, 3, 5, 8, 9, 9, 7]",,,,8,,22c2bb68987ecc195ba612a706ec9f858adbb794462b2e54c2916647b3b0e41a,,,"[4, 2, 0, 0, 3, 5, 8, 10, 9, 7]","[0, 0, 0, 0, 3, 5, 8, 9, 4, 2]",2026-09-13T14:09:15.816Z
node-8.jsonl,SEND_STATE,,,12,,,,,,,,N08-M0004,20,"[4, 2, 0, 0, 3, 5, 8, 9, 10, 7]",,8,,,,,9,,,,,,22c2bb68987ecc195ba612a706ec9f858adbb794462b2e54c2916647b3b0e41a,,,,2026-09-13T14:09:15.818Z
node-9.jsonl,RECEIVE_STATE,,15,,7,,False,,21,19,,N08-M0004,,,5,9,,12,20,"[4, 2, 0, 0, 3, 5, 8, 9, 10, 7]",,,,8,,d6145adfd92bb8a0094edc7b2c3a8419a4f9cf50da5a8d4a73eccd86535d27d6,,,"[9, 7, 3, 0, 3, 5, 8, 9, 10, 10]","[9, 7, 3, 0, 0, 0, 3, 4, 5, 9]",2026-09-13T14:09:15.823Z
node-1.jsonl,LOCAL_SCHEDULE,,11,,,"{""creator_node"": 1, ""end_time"": ""18:40"", ""event_id"": ""N01-E03"", ""event_number"": 3, ""lamport_timestamp"": 21, ""simulation_date"": ""2030-10-01"", ""start_time"": ""18:20"", ""title"": ""Node 1 Event 3"", ""vector_timestamp"": [10, 10, 3, 0, 0, 0, 3, 4, 5, 8]}",,,21,,,,,,,1,,,,,,,62,,,df7788439026e9795666d726cf996c5e93f80720f288db19ff12335e13f91034,,,"[10, 10, 3, 0, 0, 0, 3, 4, 5, 8]",,2026-09-13T14:09:26.611Z
node-1.jsonl,SEND_STATE,,,11,,,,,,,,N01-M0005,22,"[10, 11, 3, 0, 0, 0, 3, 4, 5, 8]",,1,,,,,0,,,,,,df7788439026e9795666d726cf996c5e93f80720f288db19ff12335e13f91034,,,,2026-09-13T14:09:26.613Z
node-0.jsonl,RECEIVE_STATE,,11,,10,,False,,23,19,,N01-M0005,,,1,0,,11,22,"[10, 11, 3, 0, 0, 0, 3, 4, 5, 8]",,,,1,,df7788439026e9795666d726cf996c5e93f80720f288db19ff12335e13f91034,,,"[11, 11, 3, 0, 0, 0, 3, 4, 5, 8]","[10, 7, 3, 0, 0, 0, 3, 4, 5, 8]",2026-09-13T14:09:26.616Z
node-1.jsonl,SEND_STATE,,,11,,,,,,,,N01-M0006,23,"[10, 12, 3, 0, 0, 0, 3, 4, 5, 8]",,1,,,,,2,,,,,,df7788439026e9795666d726cf996c5e93f80720f288db19ff12335e13f91034,,,,2026-09-13T14:09:26.617Z
node-2.jsonl,RECEIVE_STATE,,14,,5,,False,,24,15,,N01-M0006,,,6,2,,11,23,"[10, 12, 3, 0, 0, 0, 3, 4, 5, 8]",,,,1,,8f5341742fc574aff08d04f1cae810c02583b4dbd2d2cd63023885e66b6f3412,,,"[10, 12, 8, 7, 2, 0, 3, 4, 5, 8]","[5, 8, 7, 7, 2, 0, 0, 0, 0, 3]",2026-09-13T14:09:26.619Z
node-5.jsonl,LOCAL_SCHEDULE,,12,,,"{""creator_node"": 5, ""end_time"": ""14:00"", ""event_id"": ""N05-E03"", ""event_number"": 3, ""lamport_timestamp"": 21, ""simulation_date"": ""2030-10-01"", ""start_time"": ""13:40"", ""title"": ""Node 5 Event 3"", ""vector_timestamp"": [0, 3, 4, 8, 10, 11, 7, 3, 0, 0]}",,,21,,,,,,,5,,,,,,,35,,,b54a031f96818f7b5cfb7428f95e942803d17ef84e2dc1ccb0095ba425feb400,,,"[0, 3, 4, 8, 10, 11, 7, 3, 0, 0]",,2026-09-13T14:09:27.221Z
node-5.jsonl,SEND_STATE,,,12,,,,,,,,N05-M0005,22,"[0, 3, 4, 8, 10, 12, 7, 3, 0, 0]",,5,,,,,4,,,,,,b54a031f96818f7b5cfb7428f95e942803d17ef84e2dc1ccb0095ba425feb400,,,,2026-09-13T14:09:27.222Z
node-4.jsonl,RECEIVE_STATE,,12,,11,,False,,23,19,,N05-M0005,,,1,4,,12,22,"[0, 3, 4, 8, 10, 12, 7, 3, 0, 0]",,,,5,,b54a031f96818f7b5cfb7428f95e942803d17ef84e2dc1ccb0095ba425feb400,,,"[0, 3, 4, 8, 11, 12, 7, 3, 0, 0]","[0, 3, 4, 8, 10, 8, 7, 3, 0, 0]",2026-09-13T14:09:27.224Z
node-5.jsonl,SEND_STATE,,,12,,,,,,,,N05-M0006,23,"[0, 3, 4, 8, 10, 13, 7, 3, 0, 0]",,5,,,,,6,,,,,,b54a031f96818f7b5cfb7428f95e942803d17ef84e2dc1ccb0095ba425feb400,,,,2026-09-13T14:09:27.225Z
node-6.jsonl,RECEIVE_STATE,,15,,6,,False,,24,17,,N05-M0006,,,6,6,,12,23,"[0, 3, 4, 8, 10, 13, 7, 3, 0, 0]",,,,5,,2785c32c25667d89d4909409addc00b836d1c3020d74ea59776d11c17ed76a11,,,"[0, 3, 4, 8, 10, 13, 11, 8, 4, 2]","[0, 0, 0, 0, 3, 9, 10, 8, 4, 2]",2026-09-13T14:09:27.226Z
node-2.jsonl,LOCAL_SCHEDULE,,15,,,"{""creator_node"": 2, ""end_time"": ""22:20"", ""event_id"": ""N02-E02"", ""event_number"": 2, ""lamport_timestamp"": 25, ""simulation_date"": ""2030-10-01"", ""start_time"": ""22:00"", ""title"": ""Node 2 Event 2"", ""vector_timestamp"": [10, 12, 9, 7, 2, 0, 3, 4, 5, 8]}",,,25,,,,,,,2,,,,,,,84,,,582b886093ef86b420239eaf36a802c165a31b87c7c54a07ece9ca25be7fef07,,,"[10, 12, 9, 7, 2, 0, 3, 4, 5, 8]",,2026-09-13T14:09:39.374Z
node-2.jsonl,SEND_STATE,,,15,,,,,,,,N02-M0003,26,"[10, 12, 10, 7, 2, 0, 3, 4, 5, 8]",,2,,,,,1,,,,,,582b886093ef86b420239eaf36a802c165a31b87c7c54a07ece9ca25be7fef07,,,,2026-09-13T14:09:39.375Z
node-1.jsonl,RECEIVE_STATE,,15,,11,,False,,27,23,,N02-M0003,,,4,1,,15,26,"[10, 12, 10, 7, 2, 0, 3, 4, 5, 8]",,,,2,,582b886093ef86b420239eaf36a802c165a31b87c7c54a07ece9ca25be7fef07,,,"[10, 13, 10, 7, 2, 0, 3, 4, 5, 8]","[10, 12, 3, 0, 0, 0, 3, 4, 5, 8]",2026-09-13T14:09:39.377Z
node-2.jsonl,SEND_STATE,,,15,,,,,,,,N02-M0004,27,"[10, 12, 11, 7, 2, 0, 3, 4, 5, 8]",,2,,,,,3,,,,,,582b886093ef86b420239eaf36a802c165a31b87c7c54a07ece9ca25be7fef07,,,,2026-09-13T14:09:39.378Z
node-3.jsonl,RECEIVE_STATE,,19,,7,,False,,28,19,,N02-M0004,,,8,3,,15,27,"[10, 12, 11, 7, 2, 0, 3, 4, 5, 8]",,,,2,,bd66f897f043930bd57cce34937247fbf92d1e04a22db7409d8f667f4ab35dfb,,,"[10, 12, 11, 10, 9, 8, 7, 4, 5, 8]","[0, 3, 4, 9, 9, 8, 7, 3, 0, 0]",2026-09-13T14:09:39.379Z
node-6.jsonl,LOCAL_SCHEDULE,,16,,,"{""creator_node"": 6, ""end_time"": ""20:20"", ""event_id"": ""N06-E03"", ""event_number"": 3, ""lamport_timestamp"": 25, ""simulation_date"": ""2030-10-01"", ""start_time"": ""20:00"", ""title"": ""Node 6 Event 3"", ""vector_timestamp"": [0, 3, 4, 8, 10, 13, 12, 8, 4, 2]}",,,25,,,,,,,6,,,,,,,73,,,87481c4a5ffaf7052e23de86ea45a70f67febb06a2e9ae34a593aab21bb39f08,,,"[0, 3, 4, 8, 10, 13, 12, 8, 4, 2]",,2026-09-13T14:09:44.663Z
node-6.jsonl,SEND_STATE,,,16,,,,,,,,N06-M0005,26,"[0, 3, 4, 8, 10, 13, 13, 8, 4, 2]",,6,,,,,5,,,,,,87481c4a5ffaf7052e23de86ea45a70f67febb06a2e9ae34a593aab21bb39f08,,,,2026-09-13T14:09:44.664Z
node-5.jsonl,RECEIVE_STATE,,16,,12,,False,,27,23,,N06-M0005,,,4,5,,16,26,"[0, 3, 4, 8, 10, 13, 13, 8, 4, 2]",,,,6,,87481c4a5ffaf7052e23de86ea45a70f67febb06a2e9ae34a593aab21bb39f08,,,"[0, 3, 4, 8, 10, 14, 13, 8, 4, 2]","[0, 3, 4, 8, 10, 13, 7, 3, 0, 0]",2026-09-13T14:09:44.667Z
node-6.jsonl,SEND_STATE,,,16,,,,,,,,N06-M0006,27,"[0, 3, 4, 8, 10, 13, 14, 8, 4, 2]",,6,,,,,7,,,,,,87481c4a5ffaf7052e23de86ea45a70f67febb06a2e9ae34a593aab21bb39f08,,,,2026-09-13T14:09:44.668Z
node-7.jsonl,RECEIVE_STATE,,19,,9,,False,,28,20,,N06-M0006,,,7,7,,16,27,"[0, 3, 4, 8, 10, 13, 14, 8, 4, 2]",,,,6,,61f2a5861b75c48a312797483d061e9278879412bd21e5441310ace1eb9d3b79,,,"[4, 3, 4, 8, 10, 13, 14, 11, 9, 7]","[4, 2, 0, 0, 3, 5, 8, 10, 9, 7]",2026-09-13T14:09:44.670Z
node-9.jsonl,LOCAL_SCHEDULE,,16,,,"{""creator_node"": 9, ""end_time"": ""21:00"", ""event_id"": ""N09-E03"", ""event_number"": 3, ""lamport_timestamp"": 22, ""simulation_date"": ""2030-10-01"", ""start_time"": ""20:40"", ""title"": ""Node 9 Event 3"", ""vector_timestamp"": [9, 7, 3, 0, 3, 5, 8, 9, 10, 11]}",,,22,,,,,,,9,,,,,,,77,,,3adcf725b1ab363fc20ef3f40c5aa7785868e79b039bd20353e6e1e40148ccd6,,,"[9, 7, 3, 0, 3, 5, 8, 9, 10, 11]",,2026-09-13T14:10:08.979Z
node-9.jsonl,SEND_STATE,,,16,,,,,,,,N09-M0005,23,"[9, 7, 3, 0, 3, 5, 8, 9, 10, 12]",,9,,,,,8,,,,,,3adcf725b1ab363fc20ef3f40c5aa7785868e79b039bd20353e6e1e40148ccd6,,,,2026-09-13T14:10:08.982Z
node-8.jsonl,RECEIVE_STATE,,16,,12,,False,,24,20,,N09-M0005,,,4,8,,16,23,"[9, 7, 3, 0, 3, 5, 8, 9, 10, 12]",,,,9,,3adcf725b1ab363fc20ef3f40c5aa7785868e79b039bd20353e6e1e40148ccd6,,,"[9, 7, 3, 0, 3, 5, 8, 9, 11, 12]","[4, 2, 0, 0, 3, 5, 8, 9, 10, 7]",2026-09-13T14:10:08.987Z
node-9.jsonl,SEND_STATE,,,16,,,,,,,,N09-M0006,24,"[9, 7, 3, 0, 3, 5, 8, 9, 10, 13]",,9,,,,,0,,,,,,3adcf725b1ab363fc20ef3f40c5aa7785868e79b039bd20353e6e1e40148ccd6,,,,2026-09-13T14:10:08.989Z
node-0.jsonl,RECEIVE_STATE,,17,,10,,False,,25,23,,N09-M0006,,,6,0,,16,24,"[9, 7, 3, 0, 3, 5, 8, 9, 10, 13]",,,,9,,448dde1cee9dbed00ef24ad5fc835b6b1367b0fa9fb4860566f859372c67cdd0,,,"[12, 11, 3, 0, 3, 5, 8, 9, 10, 13]","[11, 11, 3, 0, 0, 0, 3, 4, 5, 8]",2026-09-13T14:10:08.995Z
node-7.jsonl,LOCAL_SCHEDULE,,20,,,"{""creator_node"": 7, ""end_time"": ""20:40"", ""event_id"": ""N07-E03"", ""event_number"": 3, ""lamport_timestamp"": 29, ""simulation_date"": ""2030-10-01"", ""start_time"": ""20:20"", ""title"": ""Node 7 Event 3"", ""vector_timestamp"": [4, 3, 4, 8, 10, 13, 14, 12, 9, 7]}",,,29,,,,,,,7,,,,,,,74,,,46624ad76b4198458903787e9fd7611efed68451977acac733ee145da2f3effc,,,"[4, 3, 4, 8, 10, 13, 14, 12, 9, 7]",,2026-09-13T14:10:13.978Z
node-7.jsonl,SEND_STATE,,,20,,,,,,,,N07-M0005,30,"[4, 3, 4, 8, 10, 13, 14, 13, 9, 7]",,7,,,,,6,,,,,,46624ad76b4198458903787e9fd7611efed68451977acac733ee145da2f3effc,,,,2026-09-13T14:10:13.980Z
node-6.jsonl,RECEIVE_STATE,,20,,16,,False,,31,27,,N07-M0005,,,4,6,,20,30,"[4, 3, 4, 8, 10, 13, 14, 13, 9, 7]",,,,7,,46624ad76b4198458903787e9fd7611efed68451977acac733ee145da2f3effc,,,"[4, 3, 4, 8, 10, 13, 15, 13, 9, 7]","[0, 3, 4, 8, 10, 13, 14, 8, 4, 2]",2026-09-13T14:10:13.988Z
node-7.jsonl,SEND_STATE,,,20,,,,,,,,N07-M0006,31,"[4, 3, 4, 8, 10, 13, 14, 14, 9, 7]",,7,,,,,8,,,,,,46624ad76b4198458903787e9fd7611efed68451977acac733ee145da2f3effc,,,,2026-09-13T14:10:13.989Z
node-8.jsonl,RECEIVE_STATE,,23,,13,,False,,32,24,,N07-M0006,,,7,8,,20,31,"[4, 3, 4, 8, 10, 13, 14, 14, 9, 7]",,,,7,,8766dd7151f10d292f6d91390ab21d6ea8e70e8a54e47a57d67d7419de552678,,,"[9, 7, 4, 8, 10, 13, 14, 14, 12, 12]","[9, 7, 3, 0, 3, 5, 8, 9, 11, 12]",2026-09-13T14:10:13.991Z
node-3.jsonl,LOCAL_SCHEDULE,,20,,,"{""creator_node"": 3, ""end_time"": ""18:40"", ""event_id"": ""N03-E03"", ""event_number"": 3, ""lamport_timestamp"": 29, ""simulation_date"": ""2030-10-01"", ""start_time"": ""18:20"", ""title"": ""Node 3 Event 3"", ""vector_timestamp"": [10, 12, 11, 11, 9, 8, 7, 4, 5, 8]}",,,29,,,,,,,3,,,,,,,62,,,635d01f1276728c6c6c0eec946b03ba291bff5d53e03730cf085fc99c08d41b4,,,"[10, 12, 11, 11, 9, 8, 7, 4, 5, 8]",,2026-09-13T14:10:16.625Z
node-3.jsonl,SEND_STATE,,,20,,,,,,,,N03-M0005,30,"[10, 12, 11, 12, 9, 8, 7, 4, 5, 8]",,3,,,,,2,,,,,,635d01f1276728c6c6c0eec946b03ba291bff5d53e03730cf085fc99c08d41b4,,,,2026-09-13T14:10:16.628Z
node-2.jsonl,RECEIVE_STATE,,20,,15,,False,,31,27,,N03-M0005,,,5,2,,20,30,"[10, 12, 11, 12, 9, 8, 7, 4, 5, 8]",,,,3,,635d01f1276728c6c6c0eec946b03ba291bff5d53e03730cf085fc99c08d41b4,,,"[10, 12, 12, 12, 9, 8, 7, 4, 5, 8]","[10, 12, 11, 7, 2, 0, 3, 4, 5, 8]",2026-09-13T14:10:16.631Z
node-3.jsonl,SEND_STATE,,,20,,,,,,,,N03-M0006,31,"[10, 12, 11, 13, 9, 8, 7, 4, 5, 8]",,3,,,,,4,,,,,,635d01f1276728c6c6c0eec946b03ba291bff5d53e03730cf085fc99c08d41b4,,,,2026-09-13T14:10:16.632Z
node-4.jsonl,RECEIVE_STATE,,21,,11,,False,,32,23,,N03-M0006,,,9,4,,20,31,"[10, 12, 11, 13, 9, 8, 7, 4, 5, 8]",,,,3,,65fca205979d103bddd0eb7fe4792db267b63d56cb39ebaad85ac8437de0a133,,,"[10, 12, 11, 13, 12, 12, 7, 4, 5, 8]","[0, 3, 4, 8, 11, 12, 7, 3, 0, 0]",2026-09-13T14:10:16.635Z
node-2.jsonl,LOCAL_SCHEDULE,,21,,,"{""creator_node"": 2, ""end_time"": ""14:40"", ""event_id"": ""N02-E03"", ""event_number"": 3, ""lamport_timestamp"": 32, ""simulation_date"": ""2030-10-01"", ""start_time"": ""14:20"", ""title"": ""Node 2 Event 3"", ""vector_timestamp"": [10, 12, 13, 12, 9, 8, 7, 4, 5, 8]}",,,32,,,,,,,2,,,,,,,39,,,4ac4007649b22adff73eef7994acf486df03d9a913f1a6ffe0571caee8c4256e,,,"[10, 12, 13, 12, 9, 8, 7, 4, 5, 8]",,2026-09-13T14:10:18.379Z
node-2.jsonl,SEND_STATE,,,21,,,,,,,,N02-M0005,33,"[10, 12, 14, 12, 9, 8, 7, 4, 5, 8]",,2,,,,,1,,,,,,4ac4007649b22adff73eef7994acf486df03d9a913f1a6ffe0571caee8c4256e,,,,2026-09-13T14:10:18.382Z
node-1.jsonl,RECEIVE_STATE,,21,,15,,False,,34,27,,N02-M0005,,,6,1,,21,33,"[10, 12, 14, 12, 9, 8, 7, 4, 5, 8]",,,,2,,4ac4007649b22adff73eef7994acf486df03d9a913f1a6ffe0571caee8c4256e,,,"[10, 14, 14, 12, 9, 8, 7, 4, 5, 8]","[10, 13, 10, 7, 2, 0, 3, 4, 5, 8]",2026-09-13T14:10:18.386Z
node-2.jsonl,SEND_STATE,,,21,,,,,,,,N02-M0006,34,"[10, 12, 15, 12, 9, 8, 7, 4, 5, 8]",,2,,,,,3,,,,,,4ac4007649b22adff73eef7994acf486df03d9a913f1a6ffe0571caee8c4256e,,,,2026-09-13T14:10:18.388Z
node-3.jsonl,RECEIVE_STATE,,21,,20,,False,,35,31,,N02-M0006,,,1,3,,21,34,"[10, 12, 15, 12, 9, 8, 7, 4, 5, 8]",,,,2,,4ac4007649b22adff73eef7994acf486df03d9a913f1a6ffe0571caee8c4256e,,,"[10, 12, 15, 14, 9, 8, 7, 4, 5, 8]","[10, 12, 11, 13, 9, 8, 7, 4, 5, 8]",2026-09-13T14:10:18.398Z
node-1.jsonl,LOCAL_SCHEDULE,,22,,,"{""creator_node"": 1, ""end_time"": ""17:00"", ""event_id"": ""N01-E04"", ""event_number"": 4, ""lamport_timestamp"": 35, ""simulation_date"": ""2030-10-01"", ""start_time"": ""16:40"", ""title"": ""Node 1 Event 4"", ""vector_timestamp"": [10, 15, 14, 12, 9, 8, 7, 4, 5, 8]}",,,35,,,,,,,1,,,,,,,52,,,a54d4a7013a3e6d08d9388685d24f53ac736680f185d0dfa736e983d703fb8c4,,,"[10, 15, 14, 12, 9, 8, 7, 4, 5, 8]",,2026-09-13T14:10:18.617Z
node-1.jsonl,SEND_STATE,,,22,,,,,,,,N01-M0007,36,"[10, 16, 14, 12, 9, 8, 7, 4, 5, 8]",,1,,,,,0,,,,,,a54d4a7013a3e6d08d9388685d24f53ac736680f185d0dfa736e983d703fb8c4,,,,2026-09-13T14:10:18.619Z
node-0.jsonl,RECEIVE_STATE,,25,,14,,False,,37,25,,N01-M0007,,,8,0,,22,36,"[10, 16, 14, 12, 9, 8, 7, 4, 5, 8]",,,,1,,d6618132aba9578bdc6cd2fbcba4c82e724ba5343b8f0c8dd5cb7f68ee169673,,,"[13, 16, 14, 12, 9, 8, 8, 9, 10, 13]","[12, 11, 3, 0, 3, 5, 8, 9, 10, 13]",2026-09-13T14:10:18.629Z
node-1.jsonl,SEND_STATE,,,22,,,,,,,,N01-M0008,37,"[10, 17, 14, 12, 9, 8, 7, 4, 5, 8]",,1,,,,,2,,,,,,a54d4a7013a3e6d08d9388685d24f53ac736680f185d0dfa736e983d703fb8c4,,,,2026-09-13T14:10:18.631Z
node-2.jsonl,RECEIVE_STATE,,22,,21,,False,,38,34,,N01-M0008,,,1,2,,22,37,"[10, 17, 14, 12, 9, 8, 7, 4, 5, 8]",,,,1,,a54d4a7013a3e6d08d9388685d24f53ac736680f185d0dfa736e983d703fb8c4,,,"[10, 17, 16, 12, 9, 8, 7, 4, 5, 8]","[10, 12, 15, 12, 9, 8, 7, 4, 5, 8]",2026-09-13T14:10:18.633Z
node-8.jsonl,LOCAL_SCHEDULE,,24,,,"{""creator_node"": 8, ""end_time"": ""18:40"", ""event_id"": ""N08-E03"", ""event_number"": 3, ""lamport_timestamp"": 33, ""simulation_date"": ""2030-10-01"", ""start_time"": ""18:20"", ""title"": ""Node 8 Event 3"", ""vector_timestamp"": [9, 7, 4, 8, 10, 13, 14, 14, 13, 12]}",,,33,,,,,,,8,,,,,,,63,,,daa428b3a39aed9aef4b66b5d261f060e122f4961d830c7417b256eb5220b080,,,"[9, 7, 4, 8, 10, 13, 14, 14, 13, 12]",,2026-09-13T14:10:18.820Z
node-8.jsonl,SEND_STATE,,,24,,,,,,,,N08-M0005,34,"[9, 7, 4, 8, 10, 13, 14, 14, 14, 12]",,8,,,,,7,,,,,,daa428b3a39aed9aef4b66b5d261f060e122f4961d830c7417b256eb5220b080,,,,2026-09-13T14:10:18.823Z
node-7.jsonl,RECEIVE_STATE,,24,,20,,False,,35,31,,N08-M0005,,,4,7,,24,34,"[9, 7, 4, 8, 10, 13, 14, 14, 14, 12]",,,,8,,daa428b3a39aed9aef4b66b5d261f060e122f4961d830c7417b256eb5220b080,,,"[9, 7, 4, 8, 10, 13, 14, 15, 14, 12]","[4, 3, 4, 8, 10, 13, 14, 14, 9, 7]",2026-09-13T14:10:18.827Z
node-8.jsonl,SEND_STATE,,,24,,,,,,,,N08-M0006,35,"[9, 7, 4, 8, 10, 13, 14, 14, 15, 12]",,8,,,,,9,,,,,,daa428b3a39aed9aef4b66b5d261f060e122f4961d830c7417b256eb5220b080,,,,2026-09-13T14:10:18.828Z
node-9.jsonl,RECEIVE_STATE,,24,,16,,False,,36,24,,N08-M0006,,,8,9,,24,35,"[9, 7, 4, 8, 10, 13, 14, 14, 15, 12]",,,,8,,daa428b3a39aed9aef4b66b5d261f060e122f4961d830c7417b256eb5220b080,,,"[9, 7, 4, 8, 10, 13, 14, 14, 15, 14]","[9, 7, 3, 0, 3, 5, 8, 9, 10, 13]",2026-09-13T14:10:18.830Z
node-5.jsonl,LOCAL_SCHEDULE,,17,,,"{""creator_node"": 5, ""end_time"": ""17:20"", ""event_id"": ""N05-E04"", ""event_number"": 4, ""lamport_timestamp"": 28, ""simulation_date"": ""2030-10-01"", ""start_time"": ""17:00"", ""title"": ""Node 5 Event 4"", ""vector_timestamp"": [0, 3, 4, 8, 10, 15, 13, 8, 4, 2]}",,,28,,,,,,,5,,,,,,,55,,,44e440398fe23a7e5bac034b86d7ce335bb314c365688c32be222e5f15c93e94,,,"[0, 3, 4, 8, 10, 15, 13, 8, 4, 2]",,2026-09-13T14:10:22.225Z
node-5.jsonl,SEND_STATE,,,17,,,,,,,,N05-M0007,29,"[0, 3, 4, 8, 10, 16, 13, 8, 4, 2]",,5,,,,,4,,,,,,44e440398fe23a7e5bac034b86d7ce335bb314c365688c32be222e5f15c93e94,,,,2026-09-13T14:10:22.227Z
node-4.jsonl,RECEIVE_STATE,,24,,14,,False,,33,32,,N05-M0007,,,3,4,,17,29,"[0, 3, 4, 8, 10, 16, 13, 8, 4, 2]",,,,5,,61da5e16a73e39be0e960a19e9f89e2d9e01a030d088b9d7187d06c84921940c,,,"[10, 12, 11, 13, 13, 16, 13, 8, 5, 8]","[10, 12, 11, 13, 12, 12, 7, 4, 5, 8]",2026-09-13T14:10:22.234Z
node-5.jsonl,SEND_STATE,,,17,,,,,,,,N05-M0008,30,"[0, 3, 4, 8, 10, 17, 13, 8, 4, 2]",,5,,,,,6,,,,,,44e440398fe23a7e5bac034b86d7ce335bb314c365688c32be222e5f15c93e94,,,,2026-09-13T14:10:22.236Z
node-6.jsonl,RECEIVE_STATE,,21,,16,,False,,32,31,,N05-M0008,,,1,6,,17,30,"[0, 3, 4, 8, 10, 17, 13, 8, 4, 2]",,,,5,,594fa67a05bcbc3388b0591477f399b8285aac9971472ea41fa4b93d9f262f64,,,"[4, 3, 4, 8, 10, 17, 16, 13, 9, 7]","[4, 3, 4, 8, 10, 13, 15, 13, 9, 7]",2026-09-13T14:10:22.238Z
node-6.jsonl,LOCAL_SCHEDULE,,22,,,"{""creator_node"": 6, ""end_time"": ""15:20"", ""event_id"": ""N06-E04"", ""event_number"": 4, ""lamport_timestamp"": 33, ""simulation_date"": ""2030-10-01"", ""start_time"": ""15:00"", ""title"": ""Node 6 Event 4"", ""vector_timestamp"": [4, 3, 4, 8, 10, 17, 17, 13, 9, 7]}",,,33,,,,,,,6,,,,,,,42,,,ba22e8428fa0027e2facddb078b9a77590999df88e5bb1f7a8721b0a30643108,,,"[4, 3, 4, 8, 10, 17, 17, 13, 9, 7]",,2026-09-13T14:10:26.671Z
node-6.jsonl,SEND_STATE,,,22,,,,,,,,N06-M0007,34,"[4, 3, 4, 8, 10, 17, 18, 13, 9, 7]",,6,,,,,5,,,,,,ba22e8428fa0027e2facddb078b9a77590999df88e5bb1f7a8721b0a30643108,,,,2026-09-13T14:10:26.674Z
node-5.jsonl,RECEIVE_STATE,,22,,17,,False,,35,30,,N06-M0007,,,5,5,,22,34,"[4, 3, 4, 8, 10, 17, 18, 13, 9, 7]",,,,6,,ba22e8428fa0027e2facddb078b9a77590999df88e5bb1f7a8721b0a30643108,,,"[4, 3, 4, 8, 10, 18, 18, 13, 9, 7]","[0, 3, 4, 8, 10, 17, 13, 8, 4, 2]",2026-09-13T14:10:26.678Z
node-6.jsonl,SEND_STATE,,,22,,,,,,,,N06-M0008,35,"[4, 3, 4, 8, 10, 17, 19, 13, 9, 7]",,6,,,,,7,,,,,,ba22e8428fa0027e2facddb078b9a77590999df88e5bb1f7a8721b0a30643108,,,,2026-09-13T14:10:26.679Z
node-7.jsonl,RECEIVE_STATE,,26,,20,,False,,36,35,,N06-M0008,,,2,7,,22,35,"[4, 3, 4, 8, 10, 17, 19, 13, 9, 7]",,,,6,,8af6a00daebdfeb8fbc7988b12df2e406898b9998801a80aaa303aea98cbe1ae,,,"[9, 7, 4, 8, 10, 17, 19, 16, 14, 12]","[9, 7, 4, 8, 10, 13, 14, 15, 14, 12]",2026-09-13T14:10:26.681Z
node-0.jsonl,LOCAL_SCHEDULE,,26,,,"{""creator_node"": 0, ""end_time"": ""21:40"", ""event_id"": ""N00-E03"", ""event_number"": 3, ""lamport_timestamp"": 38, ""simulation_date"": ""2030-10-01"", ""start_time"": ""21:20"", ""title"": ""Node 0 Event 3"", ""vector_timestamp"": [14, 16, 14, 12, 9, 8, 8, 9, 10, 13]}",,,38,,,,,,,0,,,,,,,80,,,c0c78656cb460c1f97f576e37e68b17b2314322aa04426d8b1b531b1c7fd9a98,,,"[14, 16, 14, 12, 9, 8, 8, 9, 10, 13]",,2026-09-13T14:10:32.345Z
node-0.jsonl,SEND_STATE,,,26,,,,,,,,N00-M0005,39,"[15, 16, 14, 12, 9, 8, 8, 9, 10, 13]",,0,,,,,9,,,,,,c0c78656cb460c1f97f576e37e68b17b2314322aa04426d8b1b531b1c7fd9a98,,,,2026-09-13T14:10:32.349Z
node-9.jsonl,RECEIVE_STATE,,30,,20,,False,,40,36,,N00-M0005,,,6,9,,26,39,"[15, 16, 14, 12, 9, 8, 8, 9, 10, 13]",,,,0,,4280dbfd1f851b5ba658d5ec5d9f9f08324e0de7b662a62e6e8e41418a5f18ab,,,"[15, 16, 14, 12, 10, 13, 14, 14, 15, 15]","[9, 7, 4, 8, 10, 13, 14, 14, 15, 14]",2026-09-13T14:10:32.355Z
node-0.jsonl,SEND_STATE,,,26,,,,,,,,N00-M0006,40,"[16, 16, 14, 12, 9, 8, 8, 9, 10, 13]",,0,,,,,1,,,,,,c0c78656cb460c1f97f576e37e68b17b2314322aa04426d8b1b531b1c7fd9a98,,,,2026-09-13T14:10:32.357Z
node-1.jsonl,RECEIVE_STATE,,26,,22,,False,,41,37,,N00-M0006,,,4,1,,26,40,"[16, 16, 14, 12, 9, 8, 8, 9, 10, 13]",,,,0,,c0c78656cb460c1f97f576e37e68b17b2314322aa04426d8b1b531b1c7fd9a98,,,"[16, 18, 14, 12, 9, 8, 8, 9, 10, 13]","[10, 17, 14, 12, 9, 8, 7, 4, 5, 8]",2026-09-13T14:10:32.365Z
node-4.jsonl,LOCAL_SCHEDULE,,25,,,"{""creator_node"": 4, ""end_time"": ""20:20"", ""event_id"": ""N04-E03"", ""event_number"": 3, ""lamport_timestamp"": 34, ""simulation_date"": ""2030-10-01"", ""start_time"": ""20:00"", ""title"": ""Node 4 Event 3"", ""vector_timestamp"": [10, 12, 11, 13, 14, 16, 13, 8, 5, 8]}",,,34,,,,,,,4,,,,,,,77,,,d4f345b65e27c0d25d55d06826ba287cd01b3783c7645b6945432954391296f3,,,"[10, 12, 11, 13, 14, 16, 13, 8, 5, 8]",,2026-09-13T14:10:32.446Z
node-4.jsonl,SEND_STATE,,,25,,,,,,,,N04-M0005,35,"[10, 12, 11, 13, 15, 16, 13, 8, 5, 8]",,4,,,,,3,,,,,,d4f345b65e27c0d25d55d06826ba287cd01b3783c7645b6945432954391296f3,,,,2026-09-13T14:10:32.449Z
node-3.jsonl,RECEIVE_STATE,,26,,20,,False,,36,35,,N04-M0005,,,5,3,,25,35,"[10, 12, 11, 13, 15, 16, 13, 8, 5, 8]",,,,4,,74e0ae6d43c8e020492c1933f6c8e07e6879367360eeb5d761ab20b928fa17b7,,,"[10, 12, 15, 15, 15, 16, 13, 8, 5, 8]","[10, 12, 15, 14, 9, 8, 7, 4, 5, 8]",2026-09-13T14:10:32.453Z
node-4.jsonl,SEND_STATE,,,25,,,,,,,,N04-M0006,36,"[10, 12, 11, 13, 16, 16, 13, 8, 5, 8]",,4,,,,,5,,,,,,d4f345b65e27c0d25d55d06826ba287cd01b3783c7645b6945432954391296f3,,,,2026-09-13T14:10:32.455Z
node-5.jsonl,RECEIVE_STATE,,28,,19,,False,,37,35,,N04-M0006,,,6,5,,25,36,"[10, 12, 11, 13, 16, 16, 13, 8, 5, 8]",,,,4,,bb459f72ec07ae0680db84e05b592f46f4af52b136f7690f3a38970140f504c2,,,"[10, 12, 11, 13, 16, 19, 18, 13, 9, 8]","[4, 3, 4, 8, 10, 18, 18, 13, 9, 7]",2026-09-13T14:10:32.458Z
node-1.jsonl,LOCAL_SCHEDULE,,27,,,"{""creator_node"": 1, ""end_time"": ""23:00"", ""event_id"": ""N01-E05"", ""event_number"": 5, ""lamport_timestamp"": 42, ""simulation_date"": ""2030-10-01"", ""start_time"": ""22:40"", ""title"": ""Node 1 Event 5"", ""vector_timestamp"": [16, 19, 14, 12, 9, 8, 8, 9, 10, 13]}",,,42,,,,,,,1,,,,,,,34,,,e2283b2a835561458d450cfb198f26b4d31cdf94dcc3f47dac65013e594ea31f,,,"[16, 19, 14, 12, 9, 8, 8, 9, 10, 13]",,2026-09-13T14:10:52.633Z
node-1.jsonl,SEND_STATE,,,27,,,,,,,,N01-M0009,43,"[16, 20, 14, 12, 9, 8, 8, 9, 10, 13]",,1,,,,,0,,,,,,e2283b2a835561458d450cfb198f26b4d31cdf94dcc3f47dac65013e594ea31f,,,,2026-09-13T14:10:52.635Z
node-0.jsonl,RECEIVE_STATE,,27,,26,,False,,44,40,,N01-M0009,,,1,0,,27,43,"[16, 20, 14, 12, 9, 8, 8, 9, 10, 13]",,,,1,,e2283b2a835561458d450cfb198f26b4d31cdf94dcc3f47dac65013e594ea31f,,,"[17, 20, 14, 12, 9, 8, 8, 9, 10, 13]","[16, 16, 14, 12, 9, 8, 8, 9, 10, 13]",2026-09-13T14:10:52.639Z
node-1.jsonl,SEND_STATE,,,27,,,,,,,,N01-M0010,44,"[16, 21, 14, 12, 9, 8, 8, 9, 10, 13]",,1,,,,,2,,,,,,e2283b2a835561458d450cfb198f26b4d31cdf94dcc3f47dac65013e594ea31f,,,,2026-09-13T14:10:52.641Z
node-2.jsonl,RECEIVE_STATE,,27,,22,,False,,45,38,,N01-M0010,,,5,2,,27,44,"[16, 21, 14, 12, 9, 8, 8, 9, 10, 13]",,,,1,,e2283b2a835561458d450cfb198f26b4d31cdf94dcc3f47dac65013e594ea31f,,,"[16, 21, 17, 12, 9, 8, 8, 9, 10, 13]","[10, 17, 16, 12, 9, 8, 7, 4, 5, 8]",2026-09-13T14:10:52.646Z
node-2.jsonl,LOCAL_SCHEDULE,,28,,,"{""creator_node"": 2, ""end_time"": ""15:20"", ""event_id"": ""N02-E04"", ""event_number"": 4, ""lamport_timestamp"": 46, ""simulation_date"": ""2030-10-01"", ""start_time"": ""15:00"", ""title"": ""Node 2 Event 4"", ""vector_timestamp"": [16, 21, 18, 12, 9, 8, 8, 9, 10, 13]}",,,46,,,,,,,2,,,,,,,43,,,0e39dd1a64f376b2d23b48f0b7fafba977fdfe9d4215eaeb4119a5208f886c3d,,,"[16, 21, 18, 12, 9, 8, 8, 9, 10, 13]",,2026-09-13T14:11:01.396Z
node-2.jsonl,SEND_STATE,,,28,,,,,,,,N02-M0007,47,"[16, 21, 19, 12, 9, 8, 8, 9, 10, 13]",,2,,,,,1,,,,,,0e39dd1a64f376b2d23b48f0b7fafba977fdfe9d4215eaeb4119a5208f886c3d,,,,2026-09-13T14:11:01.398Z
node-1.jsonl,RECEIVE_STATE,,28,,27,,False,,48,44,,N02-M0007,,,1,1,,28,47,"[16, 21, 19, 12, 9, 8, 8, 9, 10, 13]",,,,2,,0e39dd1a64f376b2d23b48f0b7fafba977fdfe9d4215eaeb4119a5208f886c3d,,,"[16, 22, 19, 12, 9, 8, 8, 9, 10, 13]","[16, 21, 14, 12, 9, 8, 8, 9, 10, 13]",2026-09-13T14:11:01.406Z
node-2.jsonl,SEND_STATE,,,28,,,,,,,,N02-M0008,48,"[16, 21, 20, 12, 9, 8, 8, 9, 10, 13]",,2,,,,,3,,,,,,0e39dd1a64f376b2d23b48f0b7fafba977fdfe9d4215eaeb4119a5208f886c3d,,,,2026-09-13T14:11:01.408Z
node-3.jsonl,RECEIVE_STATE,,32,,22,,False,,49,36,,N02-M0008,,,6,3,,28,48,"[16, 21, 20, 12, 9, 8, 8, 9, 10, 13]",,,,2,,6683b93a18942a35ee788be1d84e87fccc92eabf58360acc3fc537b7b33ad64f,,,"[16, 21, 20, 16, 15, 16, 13, 9, 10, 13]","[10, 12, 15, 15, 15, 16, 13, 8, 5, 8]",2026-09-13T14:11:01.410Z
node-8.jsonl,LOCAL_SCHEDULE,,25,,,"{""creator_node"": 8, ""end_time"": ""15:20"", ""event_id"": ""N08-E04"", ""event_number"": 4, ""lamport_timestamp"": 36, ""simulation_date"": ""2030-10-01"", ""start_time"": ""15:00"", ""title"": ""Node 8 Event 4"", ""vector_timestamp"": [9, 7, 4, 8, 10, 13, 14, 14, 16, 12]}",,,36,,,,,,,8,,,,,,,43,,,31df242f3cc9be4e049ef3514f0fd181bd0df23606e698bdbd95b60713de9c2b,,,"[9, 7, 4, 8, 10, 13, 14, 14, 16, 12]",,2026-09-13T14:11:01.827Z
node-8.jsonl,SEND_STATE,,,25,,,,,,,,N08-M0007,37,"[9, 7, 4, 8, 10, 13, 14, 14, 17, 12]",,8,,,,,7,,,,,,31df242f3cc9be4e049ef3514f0fd181bd0df23606e698bdbd95b60713de9c2b,,,,2026-09-13T14:11:01.830Z
node-7.jsonl,RECEIVE_STATE,,27,,24,,False,,38,36,,N08-M0007,,,1,7,,25,37,"[9, 7, 4, 8, 10, 13, 14, 14, 17, 12]",,,,8,,b7cbc37393a772804ba4a4546ddc82d71ab7d48ae06dfbd8449b5ad4ff330dc2,,,"[9, 7, 4, 8, 10, 17, 19, 17, 17, 12]","[9, 7, 4, 8, 10, 17, 19, 16, 14, 12]",2026-09-13T14:11:01.834Z
node-8.jsonl,SEND_STATE,,,25,,,,,,,,N08-M0008,38,"[9, 7, 4, 8, 10, 13, 14, 14, 18, 12]",,8,,,,,9,,,,,,31df242f3cc9be4e049ef3514f0fd181bd0df23606e698bdbd95b60713de9c2b,,,,2026-09-13T14:11:01.835Z
node-9.jsonl,RECEIVE_STATE,,31,,24,,False,,41,40,,N08-M0008,,,1,9,,25,38,"[9, 7, 4, 8, 10, 13, 14, 14, 18, 12]",,,,8,,c1944022e95c019d04349b760babcc214f3dfcec4c6db4b3de0383a147f7c2f4,,,"[15, 16, 14, 12, 10, 13, 14, 14, 18, 16]","[15, 16, 14, 12, 10, 13, 14, 14, 15, 15]",2026-09-13T14:11:01.837Z
node-0.jsonl,LOCAL_SCHEDULE,,28,,,"{""creator_node"": 0, ""end_time"": ""16:40"", ""event_id"": ""N00-E04"", ""event_number"": 4, ""lamport_timestamp"": 45, ""simulation_date"": ""2030-10-01"", ""start_time"": ""16:20"", ""title"": ""Node 0 Event 4"", ""vector_timestamp"": [18, 20, 14, 12, 9, 8, 8, 9, 10, 13]}",,,45,,,,,,,0,,,,,,,50,,,aea85714ccce4dbb3d24b19d14504efe963faa6071a0f7e41f0de3c054cd9094,,,"[18, 20, 14, 12, 9, 8, 8, 9, 10, 13]",,2026-09-13T14:11:22.365Z
node-0.jsonl,SEND_STATE,,,28,,,,,,,,N00-M0007,46,"[19, 20, 14, 12, 9, 8, 8, 9, 10, 13]",,0,,,,,9,,,,,,aea85714ccce4dbb3d24b19d14504efe963faa6071a0f7e41f0de3c054cd9094,,,,2026-09-13T14:11:22.369Z
node-9.jsonl,RECEIVE_STATE,,33,,26,,False,,47,41,,N00-M0007,,,2,9,,28,46,"[19, 20, 14, 12, 9, 8, 8, 9, 10, 13]",,,,0,,bbd15ce6bed6d89d1299a5235b571df1c223d09a485cca5ba6e25b558b9c5561,,,"[19, 20, 14, 12, 10, 13, 14, 14, 18, 17]","[15, 16, 14, 12, 10, 13, 14, 14, 18, 16]",2026-09-13T14:11:22.373Z
node-0.jsonl,SEND_STATE,,,28,,,,,,,,N00-M0008,47,"[20, 20, 14, 12, 9, 8, 8, 9, 10, 13]",,0,,,,,1,,,,,,aea85714ccce4dbb3d24b19d14504efe963faa6071a0f7e41f0de3c054cd9094,,,,2026-09-13T14:11:22.374Z
node-1.jsonl,RECEIVE_STATE,,29,,27,,False,,49,48,,N00-M0008,,,1,1,,28,47,"[20, 20, 14, 12, 9, 8, 8, 9, 10, 13]",,,,0,,bc5a5ae9245bba07c13be839b1780c3ce907b32d0bb326d21c77a70f8b8d3e24,,,"[20, 23, 19, 12, 9, 8, 8, 9, 10, 13]","[16, 22, 19, 12, 9, 8, 8, 9, 10, 13]",2026-09-13T14:11:22.378Z
node-7.jsonl,LOCAL_SCHEDULE,,28,,,"{""creator_node"": 7, ""end_time"": ""22:20"", ""event_id"": ""N07-E04"", ""event_number"": 4, ""lamport_timestamp"": 39, ""simulation_date"": ""2030-10-01"", ""start_time"": ""22:00"", ""title"": ""Node 7 Event 4"", ""vector_timestamp"": [9, 7, 4, 8, 10, 17, 19, 18, 17, 12]}",,,39,,,,,,,7,,,,,,,74,,,c0f51aa67b45df4da81a771cbaebaa6de8d3c4f19a7317a343373f8faab4ad30,,,"[9, 7, 4, 8, 10, 17, 19, 18, 17, 12]",,2026-09-13T14:11:27.987Z
node-7.jsonl,SEND_STATE,,,28,,,,,,,,N07-M0007,40,"[9, 7, 4, 8, 10, 17, 19, 19, 17, 12]",,7,,,,,6,,,,,,c0f51aa67b45df4da81a771cbaebaa6de8d3c4f19a7317a343373f8faab4ad30,,,,2026-09-13T14:11:27.988Z
node-6.jsonl,RECEIVE_STATE,,28,,22,,False,,41,35,,N07-M0007,,,6,6,,28,40,"[9, 7, 4, 8, 10, 17, 19, 19, 17, 12]",,,,7,,c0f51aa67b45df4da81a771cbaebaa6de8d3c4f19a7317a343373f8faab4ad30,,,"[9, 7, 4, 8, 10, 17, 20, 19, 17, 12]","[4, 3, 4, 8, 10, 17, 19, 13, 9, 7]",2026-09-13T14:11:27.991Z
node-7.jsonl,SEND_STATE,,,28,,,,,,,,N07-M0008,41,"[9, 7, 4, 8, 10, 17, 19, 20, 17, 12]",,7,,,,,8,,,,,,c0f51aa67b45df4da81a771cbaebaa6de8d3c4f19a7317a343373f8faab4ad30,,,,2026-09-13T14:11:27.993Z
node-8.jsonl,RECEIVE_STATE,,28,,25,,False,,42,38,,N07-M0008,,,3,8,,28,41,"[9, 7, 4, 8, 10, 17, 19, 20, 17, 12]",,,,7,,c0f51aa67b45df4da81a771cbaebaa6de8d3c4f19a7317a343373f8faab4ad30,,,"[9, 7, 4, 8, 10, 17, 19, 20, 19, 12]","[9, 7, 4, 8, 10, 13, 14, 14, 18, 12]",2026-09-13T14:11:27.997Z
node-5.jsonl,LOCAL_SCHEDULE,,29,,,"{""creator_node"": 5, ""end_time"": ""20:00"", ""event_id"": ""N05-E05"", ""event_number"": 5, ""lamport_timestamp"": 38, ""simulation_date"": ""2030-10-01"", ""start_time"": ""19:40"", ""title"": ""Node 5 Event 5"", ""vector_timestamp"": [10, 12, 11, 13, 16, 20, 18, 13, 9, 8]}",,,38,,,,,,,5,,,,,,,71,,,dabd3da1020f84444eb04475ee9fde7047f065eb18e486ce13dd8b7acebb7885,,,"[10, 12, 11, 13, 16, 20, 18, 13, 9, 8]",,2026-09-13T14:11:33.231Z
node-5.jsonl,SEND_STATE,,,29,,,,,,,,N05-M0009,39,"[10, 12, 11, 13, 16, 21, 18, 13, 9, 8]",,5,,,,,4,,,,,,dabd3da1020f84444eb04475ee9fde7047f065eb18e486ce13dd8b7acebb7885,,,,2026-09-13T14:11:33.233Z
node-4.jsonl,RECEIVE_STATE,,29,,25,,False,,40,36,,N05-M0009,,,4,4,,29,39,"[10, 12, 11, 13, 16, 21, 18, 13, 9, 8]",,,,5,,dabd3da1020f84444eb04475ee9fde7047f065eb18e486ce13dd8b7acebb7885,,,"[10, 12, 11, 13, 17, 21, 18, 13, 9, 8]","[10, 12, 11, 13, 16, 16, 13, 8, 5, 8]",2026-09-13T14:11:33.236Z
node-5.jsonl,SEND_STATE,,,29,,,,,,,,N05-M0010,40,"[10, 12, 11, 13, 16, 22, 18, 13, 9, 8]",,5,,,,,6,,,,,,dabd3da1020f84444eb04475ee9fde7047f065eb18e486ce13dd8b7acebb7885,,,,2026-09-13T14:11:33.238Z
node-6.jsonl,RECEIVE_STATE,,33,,24,,False,,42,41,,N05-M0010,,,5,6,,29,40,"[10, 12, 11, 13, 16, 22, 18, 13, 9, 8]",,,,5,,2744d1f5ed26686f33133054a3b220b7af5832188a330abeb8125e5ec2315497,,,"[10, 12, 11, 13, 16, 22, 21, 19, 17, 12]","[9, 7, 4, 8, 10, 17, 20, 19, 17, 12]",2026-09-13T14:11:33.240Z
node-9.jsonl,LOCAL_SCHEDULE,,34,,,"{""creator_node"": 9, ""end_time"": ""14:20"", ""event_id"": ""N09-E04"", ""event_number"": 4, ""lamport_timestamp"": 48, ""simulation_date"": ""2030-10-01"", ""start_time"": ""14:00"", ""title"": ""Node 9 Event 4"", ""vector_timestamp"": [19, 20, 14, 12, 10, 13, 14, 14, 18, 18]}",,,48,,,,,,,9,,,,,,,88,,,3ad36a54120689c8873ba1377fab84088bb37063e19566cc51a2fc143d651493,,,"[19, 20, 14, 12, 10, 13, 14, 14, 18, 18]",,2026-09-13T14:11:36.988Z
node-9.jsonl,SEND_STATE,,,34,,,,,,,,N09-M0007,49,"[19, 20, 14, 12, 10, 13, 14, 14, 18, 19]",,9,,,,,8,,,,,,3ad36a54120689c8873ba1377fab84088bb37063e19566cc51a2fc143d651493,,,,2026-09-13T14:11:36.989Z
node-8.jsonl,RECEIVE_STATE,,37,,25,,False,,50,42,,N09-M0007,,,9,8,,34,49,"[19, 20, 14, 12, 10, 13, 14, 14, 18, 19]",,,,9,,989811ac900e831d12b99551c3c774499a42a9ee724af2d8cd6ecf85d49bfebd,,,"[19, 20, 14, 12, 10, 17, 19, 20, 20, 19]","[9, 7, 4, 8, 10, 17, 19, 20, 19, 12]",2026-09-13T14:11:36.992Z
node-9.jsonl,SEND_STATE,,,34,,,,,,,,N09-M0008,50,"[19, 20, 14, 12, 10, 13, 14, 14, 18, 20]",,9,,,,,0,,,,,,3ad36a54120689c8873ba1377fab84088bb37063e19566cc51a2fc143d651493,,,,2026-09-13T14:11:36.993Z
node-0.jsonl,RECEIVE_STATE,,34,,28,,False,,51,47,,N09-M0008,,,6,0,,34,50,"[19, 20, 14, 12, 10, 13, 14, 14, 18, 20]",,,,9,,3ad36a54120689c8873ba1377fab84088bb37063e19566cc51a2fc143d651493,,,"[21, 20, 14, 12, 10, 13, 14, 14, 18, 20]","[20, 20, 14, 12, 9, 8, 8, 9, 10, 13]",2026-09-13T14:11:36.996Z
node-6.jsonl,LOCAL_SCHEDULE,,34,,,"{""creator_node"": 6, ""end_time"": ""20:00"", ""event_id"": ""N06-E05"", ""event_number"": 5, ""lamport_timestamp"": 43, ""simulation_date"": ""2030-10-01"", ""start_time"": ""19:40"", ""title"": ""Node 6 Event 5"", ""vector_timestamp"": [10, 12, 11, 13, 16, 22, 22, 19, 17, 12]}",,,43,,,,,,,6,,,,,,,71,,,2b662859ce37c0f79ef8cc44307a4592f9c9cb70e3c7e2e26eb90f6e64f76ba1,,,"[10, 12, 11, 13, 16, 22, 22, 19, 17, 12]",,2026-09-13T14:11:37.675Z
node-6.jsonl,SEND_STATE,,,34,,,,,,,,N06-M0009,44,"[10, 12, 11, 13, 16, 22, 23, 19, 17, 12]",,6,,,,,5,,,,,,2b662859ce37c0f79ef8cc44307a4592f9c9cb70e3c7e2e26eb90f6e64f76ba1,,,,2026-09-13T14:11:37.677Z
node-5.jsonl,RECEIVE_STATE,,34,,29,,False,,45,40,,N06-M0009,,,5,5,,34,44,"[10, 12, 11, 13, 16, 22, 23, 19, 17, 12]",,,,6,,2b662859ce37c0f79ef8cc44307a4592f9c9cb70e3c7e2e26eb90f6e64f76ba1,,,"[10, 12, 11, 13, 16, 23, 23, 19, 17, 12]","[10, 12, 11, 13, 16, 22, 18, 13, 9, 8]",2026-09-13T14:11:37.680Z
node-6.jsonl,SEND_STATE,,,34,,,,,,,,N06-M0010,45,"[10, 12, 11, 13, 16, 22, 24, 19, 17, 12]",,6,,,,,7,,,,,,2b662859ce37c0f79ef8cc44307a4592f9c9cb70e3c7e2e26eb90f6e64f76ba1,,,,2026-09-13T14:11:37.681Z
node-7.jsonl,RECEIVE_STATE,,34,,28,,False,,46,41,,N06-M0010,,,6,7,,34,45,"[10, 12, 11, 13, 16, 22, 24, 19, 17, 12]",,,,6,,2b662859ce37c0f79ef8cc44307a4592f9c9cb70e3c7e2e26eb90f6e64f76ba1,,,"[10, 12, 11, 13, 16, 22, 24, 21, 17, 12]","[9, 7, 4, 8, 10, 17, 19, 20, 17, 12]",2026-09-13T14:11:37.683Z
node-3.jsonl,LOCAL_SCHEDULE,,33,,,"{""creator_node"": 3, ""end_time"": ""19:00"", ""event_id"": ""N03-E04"", ""event_number"": 4, ""lamport_timestamp"": 50, ""simulation_date"": ""2030-10-01"", ""start_time"": ""18:40"", ""title"": ""Node 3 Event 4"", ""vector_timestamp"": [16, 21, 20, 17, 15, 16, 13, 9, 10, 13]}",,,50,,,,,,,3,,,,,,,86,,,703f547717b61ff3b8baf6661feea1fdb53362d8f2ab24e52cd51b4925296e63,,,"[16, 21, 20, 17, 15, 16, 13, 9, 10, 13]",,2026-09-13T14:11:42.630Z
node-3.jsonl,SEND_STATE,,,33,,,,,,,,N03-M0007,51,"[16, 21, 20, 18, 15, 16, 13, 9, 10, 13]",,3,,,,,2,,,,,,703f547717b61ff3b8baf6661feea1fdb53362d8f2ab24e52cd51b4925296e63,,,,2026-09-13T14:11:42.633Z
node-2.jsonl,RECEIVE_STATE,,33,,28,,False,,52,48,,N03-M0007,,,5,2,,33,51,"[16, 21, 20, 18, 15, 16, 13, 9, 10, 13]",,,,3,,703f547717b61ff3b8baf6661feea1fdb53362d8f2ab24e52cd51b4925296e63,,,"[16, 21, 21, 18, 15, 16, 13, 9, 10, 13]","[16, 21, 20, 12, 9, 8, 8, 9, 10, 13]",2026-09-13T14:11:42.636Z
node-3.jsonl,SEND_STATE,,,33,,,,,,,,N03-M0008,52,"[16, 21, 20, 19, 15, 16, 13, 9, 10, 13]",,3,,,,,4,,,,,,703f547717b61ff3b8baf6661feea1fdb53362d8f2ab24e52cd51b4925296e63,,,,2026-09-13T14:11:42.637Z
node-4.jsonl,RECEIVE_STATE,,36,,26,,False,,53,40,,N03-M0008,,,7,4,,33,52,"[16, 21, 20, 19, 15, 16, 13, 9, 10, 13]",,,,3,,7ba751cc58c6ba4ecf32f3fee9af7040a714235304eae79d1507f4ad054ed82e,,,"[16, 21, 20, 19, 18, 21, 18, 13, 10, 13]","[10, 12, 11, 13, 17, 21, 18, 13, 9, 8]",2026-09-13T14:11:42.639Z
node-4.jsonl,LOCAL_SCHEDULE,,37,,,"{""creator_node"": 4, ""end_time"": ""15:00"", ""event_id"": ""N04-E04"", ""event_number"": 4, ""lamport_timestamp"": 54, ""simulation_date"": ""2030-10-01"", ""start_time"": ""14:40"", ""title"": ""Node 4 Event 4"", ""vector_timestamp"": [16, 21, 20, 19, 19, 21, 18, 13, 10, 13]}",,,54,,,,,,,4,,,,,,,72,,,f918879a8697fe3ea0cf1e89093e7850ffb5f04f23a0fbf59e116508b0b9ba6e,,,"[16, 21, 20, 19, 19, 21, 18, 13, 10, 13]",,2026-09-13T14:11:44.456Z
node-4.jsonl,SEND_STATE,,,37,,,,,,,,N04-M0007,55,"[16, 21, 20, 19, 20, 21, 18, 13, 10, 13]",,4,,,,,3,,,,,,f918879a8697fe3ea0cf1e89093e7850ffb5f04f23a0fbf59e116508b0b9ba6e,,,,2026-09-13T14:11:44.460Z
node-3.jsonl,RECEIVE_STATE,,37,,33,,False,,56,52,,N04-M0007,,,4,3,,37,55,"[16, 21, 20, 19, 20, 21, 18, 13, 10, 13]",,,,4,,f918879a8697fe3ea0cf1e89093e7850ffb5f04f23a0fbf59e116508b0b9ba6e,,,"[16, 21, 20, 20, 20, 21, 18, 13, 10, 13]","[16, 21, 20, 19, 15, 16, 13, 9, 10, 13]",2026-09-13T14:11:44.464Z
node-4.jsonl,SEND_STATE,,,37,,,,,,,,N04-M0008,56,"[16, 21, 20, 19, 21, 21, 18, 13, 10, 13]",,4,,,,,5,,,,,,f918879a8697fe3ea0cf1e89093e7850ffb5f04f23a0fbf59e116508b0b9ba6e,,,,2026-09-13T14:11:44.466Z
node-5.jsonl,RECEIVE_STATE,,41,,30,,False,,57,45,,N04-M0008,,,7,5,,37,56,"[16, 21, 20, 19, 21, 21, 18, 13, 10, 13]",,,,4,,550e937599c9def09758bc88e038385a3eba9ac2971d03e43065907d6d2b47f2,,,"[16, 21, 20, 19, 21, 24, 23, 19, 17, 13]","[10, 12, 11, 13, 16, 23, 23, 19, 17, 12]",2026-09-13T14:11:44.468Z
node-8.jsonl,LOCAL_SCHEDULE,,38,,,"{""creator_node"": 8, ""end_time"": ""17:00"", ""event_id"": ""N08-E05"", ""event_number"": 5, ""lamport_timestamp"": 51, ""simulation_date"": ""2030-10-01"", ""start_time"": ""16:40"", ""title"": ""Node 8 Event 5"", ""vector_timestamp"": [19, 20, 14, 12, 10, 17, 19, 20, 21, 19]}",,,51,,,,,,,8,,,,,,,53,,,7655719a06e838c3bffe60be8c9a2e4f13bd60978e73ed5ed648602cb716d0bf,,,"[19, 20, 14, 12, 10, 17, 19, 20, 21, 19]",,2026-09-13T14:11:54.836Z
node-8.jsonl,SEND_STATE,,,38,,,,,,,,N08-M0009,52,"[19, 20, 14, 12, 10, 17, 19, 20, 22, 19]",,8,,,,,7,,,,,,7655719a06e838c3bffe60be8c9a2e4f13bd60978e73ed5ed648602cb716d0bf,,,,2026-09-13T14:11:54.838Z
node-7.jsonl,RECEIVE_STATE,,41,,31,,False,,53,46,,N08-M0009,,,7,7,,38,52,"[19, 20, 14, 12, 10, 17, 19, 20, 22, 19]",,,,8,,d46d0f03218b714cdbfb024f5a52603dbaad232b499ff1d84e79fbb4c9b5321d,,,"[19, 20, 14, 13, 16, 22, 24, 22, 22, 19]","[10, 12, 11, 13, 16, 22, 24, 21, 17, 12]",2026-09-13T14:11:54.841Z
node-8.jsonl,SEND_STATE,,,38,,,,,,,,N08-M0010,53,"[19, 20, 14, 12, 10, 17, 19, 20, 23, 19]",,8,,,,,9,,,,,,7655719a06e838c3bffe60be8c9a2e4f13bd60978e73ed5ed648602cb716d0bf,,,,2026-09-13T14:11:54.842Z
node-9.jsonl,RECEIVE_STATE,,38,,34,,False,,54,50,,N08-M0010,,,4,9,,38,53,"[19, 20, 14, 12, 10, 17, 19, 20, 23, 19]",,,,8,,7655719a06e838c3bffe60be8c9a2e4f13bd60978e73ed5ed648602cb716d0bf,,,"[19, 20, 14, 12, 10, 17, 19, 20, 23, 21]","[19, 20, 14, 12, 10, 13, 14, 14, 18, 20]",2026-09-13T14:11:54.844Z
node-1.jsonl,LOCAL_SCHEDULE,,30,,,"{""creator_node"": 1, ""end_time"": ""19:00"", ""event_id"": ""N01-E06"", ""event_number"": 6, ""lamport_timestamp"": 50, ""simulation_date"": ""2030-10-01"", ""start_time"": ""18:40"", ""title"": ""Node 1 Event 6"", ""vector_timestamp"": [20, 24, 19, 12, 9, 8, 8, 9, 10, 13]}",,,50,,,,,,,1,,,,,,,64,,,b5ea0ab7c7c0ae1c0e48d2e1f9998bb4f8b30e6cd9b764dd24c590a40837e560,,,"[20, 24, 19, 12, 9, 8, 8, 9, 10, 13]",,2026-09-13T14:11:56.645Z
node-1.jsonl,SEND_STATE,,,30,,,,,,,,N01-M0011,51,"[20, 25, 19, 12, 9, 8, 8, 9, 10, 13]",,1,,,,,0,,,,,,b5ea0ab7c7c0ae1c0e48d2e1f9998bb4f8b30e6cd9b764dd24c590a40837e560,,,,2026-09-13T14:11:56.649Z
node-0.jsonl,RECEIVE_STATE,,36,,28,,False,,52,51,,N01-M0011,,,2,0,,30,51,"[20, 25, 19, 12, 9, 8, 8, 9, 10, 13]",,,,1,,53ae25c8bc9cfaa7f080c5f0aa043de7728954432346202e0e316a46bcb39527,,,"[22, 25, 19, 12, 10, 13, 14, 14, 18, 20]","[21, 20, 14, 12, 10, 13, 14, 14, 18, 20]",2026-09-13T14:11:56.652Z
node-1.jsonl,SEND_STATE,,,30,,,,,,,,N01-M0012,52,"[20, 26, 19, 12, 9, 8, 8, 9, 10, 13]",,1,,,,,2,,,,,,b5ea0ab7c7c0ae1c0e48d2e1f9998bb4f8b30e6cd9b764dd24c590a40837e560,,,,2026-09-13T14:11:56.657Z
node-2.jsonl,RECEIVE_STATE,,35,,28,,False,,53,52,,N01-M0012,,,2,2,,30,52,"[20, 26, 19, 12, 9, 8, 8, 9, 10, 13]",,,,1,,2f432f852675cc5804a5a951b63b4d93eccc6073536d165d40438011e464bed1,,,"[20, 26, 22, 18, 15, 16, 13, 9, 10, 13]","[16, 21, 21, 18, 15, 16, 13, 9, 10, 13]",2026-09-13T14:11:56.663Z
node-7.jsonl,LOCAL_SCHEDULE,,42,,,"{""creator_node"": 7, ""end_time"": ""14:40"", ""event_id"": ""N07-E05"", ""event_number"": 5, ""lamport_timestamp"": 54, ""simulation_date"": ""2030-10-01"", ""start_time"": ""14:20"", ""title"": ""Node 7 Event 5"", ""vector_timestamp"": [19, 20, 14, 13, 16, 22, 24, 23, 22, 19]}",,,54,,,,,,,7,,,,,,,39,,,078e7dee429256aa500784b7f7316f5618e5e3d04d41d84ff400b0b8582e06d3,,,"[19, 20, 14, 13, 16, 22, 24, 23, 22, 19]",,2026-09-13T14:12:06.994Z
node-7.jsonl,SEND_STATE,,,42,,,,,,,,N07-M0009,55,"[19, 20, 14, 13, 16, 22, 24, 24, 22, 19]",,7,,,,,6,,,,,,078e7dee429256aa500784b7f7316f5618e5e3d04d41d84ff400b0b8582e06d3,,,,2026-09-13T14:12:06.995Z
node-6.jsonl,RECEIVE_STATE,,42,,34,,False,,56,45,,N07-M0009,,,8,6,,42,55,"[19, 20, 14, 13, 16, 22, 24, 24, 22, 19]",,,,7,,078e7dee429256aa500784b7f7316f5618e5e3d04d41d84ff400b0b8582e06d3,,,"[19, 20, 14, 13, 16, 22, 25, 24, 22, 19]","[10, 12, 11, 13, 16, 22, 24, 19, 17, 12]",2026-09-13T14:12:06.998Z
node-7.jsonl,SEND_STATE,,,42,,,,,,,,N07-M0010,56,"[19, 20, 14, 13, 16, 22, 24, 25, 22, 19]",,7,,,,,8,,,,,,078e7dee429256aa500784b7f7316f5618e5e3d04d41d84ff400b0b8582e06d3,,,,2026-09-13T14:12:06.999Z
node-8.jsonl,RECEIVE_STATE,,42,,38,,False,,57,53,,N07-M0010,,,4,8,,42,56,"[19, 20, 14, 13, 16, 22, 24, 25, 22, 19]",,,,7,,078e7dee429256aa500784b7f7316f5618e5e3d04d41d84ff400b0b8582e06d3,,,"[19, 20, 14, 13, 16, 22, 24, 25, 24, 19]","[19, 20, 14, 12, 10, 17, 19, 20, 23, 19]",2026-09-13T14:12:07.002Z
node-2.jsonl,LOCAL_SCHEDULE,,36,,,"{""creator_node"": 2, ""end_time"": ""19:20"", ""event_id"": ""N02-E05"", ""event_number"": 5, ""lamport_timestamp"": 54, ""simulation_date"": ""2030-10-01"", ""start_time"": ""19:00"", ""title"": ""Node 2 Event 5"", ""vector_timestamp"": [20, 26, 23, 18, 15, 16, 13, 9, 10, 13]}",,,54,,,,,,,2,,,,,,,67,,,1a8718e7d4a2313c7d6d970465672cc345ef56785e23e5e5c48720ef80c3190c,,,"[20, 26, 23, 18, 15, 16, 13, 9, 10, 13]",,2026-09-13T14:12:08.409Z
node-2.jsonl,SEND_STATE,,,36,,,,,,,,N02-M0009,55,"[20, 26, 24, 18, 15, 16, 13, 9, 10, 13]",,2,,,,,1,,,,,,1a8718e7d4a2313c7d6d970465672cc345ef56785e23e5e5c48720ef80c3190c,,,,2026-09-13T14:12:08.412Z
node-1.jsonl,RECEIVE_STATE,,36,,30,,False,,56,52,,N02-M0009,,,6,1,,36,55,"[20, 26, 24, 18, 15, 16, 13, 9, 10, 13]",,,,2,,1a8718e7d4a2313c7d6d970465672cc345ef56785e23e5e5c48720ef80c3190c,,,"[20, 27, 24, 18, 15, 16, 13, 9, 10, 13]","[20, 26, 19, 12, 9, 8, 8, 9, 10, 13]",2026-09-13T14:12:08.420Z
node-2.jsonl,SEND_STATE,,,36,,,,,,,,N02-M0010,56,"[20, 26, 25, 18, 15, 16, 13, 9, 10, 13]",,2,,,,,3,,,,,,1a8718e7d4a2313c7d6d970465672cc345ef56785e23e5e5c48720ef80c3190c,,,,2026-09-13T14:12:08.422Z
node-3.jsonl,RECEIVE_STATE,,40,,33,,False,,57,56,,N02-M0010,,,3,3,,36,56,"[20, 26, 25, 18, 15, 16, 13, 9, 10, 13]",,,,2,,1da8d42fa522d3b5759e8c5599f4ed73c717ff4ed531ad5fbb9dd23d77f4c970,,,"[20, 26, 25, 21, 20, 21, 18, 13, 10, 13]","[16, 21, 20, 20, 20, 21, 18, 13, 10, 13]",2026-09-13T14:12:08.424Z
node-9.jsonl,LOCAL_SCHEDULE,,39,,,"{""creator_node"": 9, ""end_time"": ""16:40"", ""event_id"": ""N09-E05"", ""event_number"": 5, ""lamport_timestamp"": 55, ""simulation_date"": ""2030-10-01"", ""start_time"": ""16:20"", ""title"": ""Node 9 Event 5"", ""vector_timestamp"": [19, 20, 14, 12, 10, 17, 19, 20, 23, 22]}",,,55,,,,,,,9,,,,,,,36,,,db069db647ef05a29a79606cb24dc9bbdef2505e41319518506146c49b2852eb,,,"[19, 20, 14, 12, 10, 17, 19, 20, 23, 22]",,2026-09-13T14:12:12.996Z
node-9.jsonl,SEND_STATE,,,39,,,,,,,,N09-M0009,56,"[19, 20, 14, 12, 10, 17, 19, 20, 23, 23]",,9,,,,,8,,,,,,db069db647ef05a29a79606cb24dc9bbdef2505e41319518506146c49b2852eb,,,,2026-09-13T14:12:12.997Z
node-8.jsonl,RECEIVE_STATE,,43,,38,,False,,58,57,,N09-M0009,,,1,8,,39,56,"[19, 20, 14, 12, 10, 17, 19, 20, 23, 23]",,,,9,,8a06bbebf480e0d31640557d3944d24effd5446651ccc6a6f54359abab2c32ff,,,"[19, 20, 14, 13, 16, 22, 24, 25, 25, 23]","[19, 20, 14, 13, 16, 22, 24, 25, 24, 19]",2026-09-13T14:12:13.000Z
node-9.jsonl,SEND_STATE,,,39,,,,,,,,N09-M0010,57,"[19, 20, 14, 12, 10, 17, 19, 20, 23, 24]",,9,,,,,0,,,,,,db069db647ef05a29a79606cb24dc9bbdef2505e41319518506146c49b2852eb,,,,2026-09-13T14:12:13.001Z
node-0.jsonl,RECEIVE_STATE,,41,,34,,False,,58,52,,N09-M0010,,,5,0,,39,57,"[19, 20, 14, 12, 10, 17, 19, 20, 23, 24]",,,,9,,27a85dcad9cae92f9edc0439039cc29b9e4dd92e922b77a6f1087743461a7f87,,,"[23, 25, 19, 12, 10, 17, 19, 20, 23, 24]","[22, 25, 19, 12, 10, 13, 14, 14, 18, 20]",2026-09-13T14:12:13.003Z
node-4.jsonl,LOCAL_SCHEDULE,,38,,,"{""creator_node"": 4, ""end_time"": ""19:00"", ""event_id"": ""N04-E05"", ""event_number"": 5, ""lamport_timestamp"": 57, ""simulation_date"": ""2030-10-01"", ""start_time"": ""18:40"", ""title"": ""Node 4 Event 5"", ""vector_timestamp"": [16, 21, 20, 19, 22, 21, 18, 13, 10, 13]}",,,57,,,,,,,4,,,,,,,40,,,805e90808cc3bcd846fa8f7ced0388ba6ef882d4eec7ea02a0c0c27dd000bfde,,,"[16, 21, 20, 19, 22, 21, 18, 13, 10, 13]",,2026-09-13T14:12:24.471Z
node-4.jsonl,SEND_STATE,,,38,,,,,,,,N04-M0009,58,"[16, 21, 20, 19, 23, 21, 18, 13, 10, 13]",,4,,,,,3,,,,,,805e90808cc3bcd846fa8f7ced0388ba6ef882d4eec7ea02a0c0c27dd000bfde,,,,2026-09-13T14:12:24.474Z
node-3.jsonl,RECEIVE_STATE,,41,,37,,False,,59,57,,N04-M0009,,,1,3,,38,58,"[16, 21, 20, 19, 23, 21, 18, 13, 10, 13]",,,,4,,1cdf716b98efb1837aa8bcbb9b95d4f73ce31d6d221e29c50d3e7607783106d9,,,"[20, 26, 25, 22, 23, 21, 18, 13, 10, 13]","[20, 26, 25, 21, 20, 21, 18, 13, 10, 13]",2026-09-13T14:12:24.478Z
node-4.jsonl,SEND_STATE,,,38,,,,,,,,N04-M0010,59,"[16, 21, 20, 19, 24, 21, 18, 13, 10, 13]",,4,,,,,5,,,,,,805e90808cc3bcd846fa8f7ced0388ba6ef882d4eec7ea02a0c0c27dd000bfde,,,,2026-09-13T14:12:24.479Z
node-5.jsonl,RECEIVE_STATE,,42,,37,,False,,60,57,,N04-M0010,,,1,5,,38,59,"[16, 21, 20, 19, 24, 21, 18, 13, 10, 13]",,,,4,,992a8822186dfdc60c967dedea791dd0398cea828ff29900474516e2c227911e,,,"[16, 21, 20, 19, 24, 25, 23, 19, 17, 13]","[16, 21, 20, 19, 21, 24, 23, 19, 17, 13]",2026-09-13T14:12:24.482Z
node-6.jsonl,LOCAL_SCHEDULE,,43,,,"{""creator_node"": 6, ""end_time"": ""17:40"", ""event_id"": ""N06-E06"", ""event_number"": 6, ""lamport_timestamp"": 57, ""simulation_date"": ""2030-10-01"", ""start_time"": ""17:20"", ""title"": ""Node 6 Event 6"", ""vector_timestamp"": [19, 20, 14, 13, 16, 22, 26, 24, 22, 19]}",,,57,,,,,,,6,,,,,,,56,,,ee94f70fd5ade15268da8da7d85c8d7519e351e60cd7d3edd62de25ce67d418d,,,"[19, 20, 14, 13, 16, 22, 26, 24, 22, 19]",,2026-09-13T14:12:33.681Z
node-6.jsonl,SEND_STATE,,,43,,,,,,,,N06-M0011,58,"[19, 20, 14, 13, 16, 22, 27, 24, 22, 19]",,6,,,,,5,,,,,,ee94f70fd5ade15268da8da7d85c8d7519e351e60cd7d3edd62de25ce67d418d,,,,2026-09-13T14:12:33.685Z
node-5.jsonl,RECEIVE_STATE,,47,,38,,False,,61,60,,N06-M0011,,,5,5,,43,58,"[19, 20, 14, 13, 16, 22, 27, 24, 22, 19]",,,,6,,bd8c1e102f5bbd23c497f978544281240374c7ad527c32f732bc0a09c82c1756,,,"[19, 21, 20, 19, 24, 26, 27, 24, 22, 19]","[16, 21, 20, 19, 24, 25, 23, 19, 17, 13]",2026-09-13T14:12:33.688Z
node-6.jsonl,SEND_STATE,,,43,,,,,,,,N06-M0012,59,"[19, 20, 14, 13, 16, 22, 28, 24, 22, 19]",,6,,,,,7,,,,,,ee94f70fd5ade15268da8da7d85c8d7519e351e60cd7d3edd62de25ce67d418d,,,,2026-09-13T14:12:33.696Z
node-7.jsonl,RECEIVE_STATE,,43,,42,,False,,60,56,,N06-M0012,,,1,7,,43,59,"[19, 20, 14, 13, 16, 22, 28, 24, 22, 19]",,,,6,,ee94f70fd5ade15268da8da7d85c8d7519e351e60cd7d3edd62de25ce67d418d,,,"[19, 20, 14, 13, 16, 22, 28, 26, 22, 19]","[19, 20, 14, 13, 16, 22, 24, 25, 22, 19]",2026-09-13T14:12:33.699Z
node-0.jsonl,LOCAL_SCHEDULE,,42,,,"{""creator_node"": 0, ""end_time"": ""22:20"", ""event_id"": ""N00-E05"", ""event_number"": 5, ""lamport_timestamp"": 59, ""simulation_date"": ""2030-10-01"", ""start_time"": ""22:00"", ""title"": ""Node 0 Event 5"", ""vector_timestamp"": [24, 25, 19, 12, 10, 17, 19, 20, 23, 24]}",,,59,,,,,,,0,,,,,,,81,,,ceee15e6334429bd7a436e1b71ec989c04d1f4a3ba6a44beac7ff1dfc8f49f18,,,"[24, 25, 19, 12, 10, 17, 19, 20, 23, 24]",,2026-09-13T14:12:43.374Z
node-0.jsonl,SEND_STATE,,,42,,,,,,,,N00-M0009,60,"[25, 25, 19, 12, 10, 17, 19, 20, 23, 24]",,0,,,,,9,,,,,,ceee15e6334429bd7a436e1b71ec989c04d1f4a3ba6a44beac7ff1dfc8f49f18,,,,2026-09-13T14:12:43.380Z
node-9.jsonl,RECEIVE_STATE,,42,,39,,False,,61,57,,N00-M0009,,,3,9,,42,60,"[25, 25, 19, 12, 10, 17, 19, 20, 23, 24]",,,,0,,ceee15e6334429bd7a436e1b71ec989c04d1f4a3ba6a44beac7ff1dfc8f49f18,,,"[25, 25, 19, 12, 10, 17, 19, 20, 23, 25]","[19, 20, 14, 12, 10, 17, 19, 20, 23, 24]",2026-09-13T14:12:43.386Z
node-0.jsonl,SEND_STATE,,,42,,,,,,,,N00-M0010,61,"[26, 25, 19, 12, 10, 17, 19, 20, 23, 24]",,0,,,,,1,,,,,,ceee15e6334429bd7a436e1b71ec989c04d1f4a3ba6a44beac7ff1dfc8f49f18,,,,2026-09-13T14:12:43.388Z
node-1.jsonl,RECEIVE_STATE,,45,,33,,False,,62,56,,N00-M0010,,,9,1,,42,61,"[26, 25, 19, 12, 10, 17, 19, 20, 23, 24]",,,,0,,339c052abe2f4c2c35cd926201d03803375ae925f8d05e85147f0c94b2abe1dd,,,"[26, 28, 24, 18, 15, 17, 19, 20, 23, 24]","[20, 27, 24, 18, 15, 16, 13, 9, 10, 13]",2026-09-13T14:12:43.396Z
node-3.jsonl,LOCAL_SCHEDULE,,42,,,"{""creator_node"": 3, ""end_time"": ""20:40"", ""event_id"": ""N03-E05"", ""event_number"": 5, ""lamport_timestamp"": 60, ""simulation_date"": ""2030-10-01"", ""start_time"": ""20:20"", ""title"": ""Node 3 Event 5"", ""vector_timestamp"": [20, 26, 25, 23, 23, 21, 18, 13, 10, 13]}",,,60,,,,,,,3,,,,,,,65,,,689e991e98a42a48fe2e85eb4c7c868620a2e664098c6dec6f88c34581dfc5d9,,,"[20, 26, 25, 23, 23, 21, 18, 13, 10, 13]",,2026-09-13T14:12:47.638Z
node-3.jsonl,SEND_STATE,,,42,,,,,,,,N03-M0009,61,"[20, 26, 25, 24, 23, 21, 18, 13, 10, 13]",,3,,,,,2,,,,,,689e991e98a42a48fe2e85eb4c7c868620a2e664098c6dec6f88c34581dfc5d9,,,,2026-09-13T14:12:47.643Z
node-2.jsonl,RECEIVE_STATE,,42,,36,,False,,62,56,,N03-M0009,,,6,2,,42,61,"[20, 26, 25, 24, 23, 21, 18, 13, 10, 13]",,,,3,,689e991e98a42a48fe2e85eb4c7c868620a2e664098c6dec6f88c34581dfc5d9,,,"[20, 26, 26, 24, 23, 21, 18, 13, 10, 13]","[20, 26, 25, 18, 15, 16, 13, 9, 10, 13]",2026-09-13T14:12:47.647Z
node-3.jsonl,SEND_STATE,,,42,,,,,,,,N03-M0010,62,"[20, 26, 25, 25, 23, 21, 18, 13, 10, 13]",,3,,,,,4,,,,,,689e991e98a42a48fe2e85eb4c7c868620a2e664098c6dec6f88c34581dfc5d9,,,,2026-09-13T14:12:47.650Z
node-4.jsonl,RECEIVE_STATE,,42,,38,,False,,63,59,,N03-M0010,,,4,4,,42,62,"[20, 26, 25, 25, 23, 21, 18, 13, 10, 13]",,,,3,,689e991e98a42a48fe2e85eb4c7c868620a2e664098c6dec6f88c34581dfc5d9,,,"[20, 26, 25, 25, 25, 21, 18, 13, 10, 13]","[16, 21, 20, 19, 24, 21, 18, 13, 10, 13]",2026-09-13T14:12:47.653Z
node-2.jsonl,LOCAL_SCHEDULE,,43,,,"{""creator_node"": 2, ""end_time"": ""15:00"", ""event_id"": ""N02-E06"", ""event_number"": 6, ""lamport_timestamp"": 63, ""simulation_date"": ""2030-10-01"", ""start_time"": ""14:40"", ""title"": ""Node 2 Event 6"", ""vector_timestamp"": [20, 26, 27, 24, 23, 21, 18, 13, 10, 13]}",,,63,,,,,,,2,,,,,,,41,,,c5c0169d6faf17b27b733aeda67a81559b3d47141c0275db32e7d9e3c60c8359,,,"[20, 26, 27, 24, 23, 21, 18, 13, 10, 13]",,2026-09-13T14:12:49.423Z
node-2.jsonl,SEND_STATE,,,43,,,,,,,,N02-M0011,64,"[20, 26, 28, 24, 23, 21, 18, 13, 10, 13]",,2,,,,,1,,,,,,c5c0169d6faf17b27b733aeda67a81559b3d47141c0275db32e7d9e3c60c8359,,,,2026-09-13T14:12:49.427Z
node-1.jsonl,RECEIVE_STATE,,50,,38,,False,,65,62,,N02-M0011,,,5,1,,43,64,"[20, 26, 28, 24, 23, 21, 18, 13, 10, 13]",,,,2,,f2966796524322884647e9e7aadfa0731f64ab77a32c3aa8730711474d34cb03,,,"[26, 29, 28, 24, 23, 21, 19, 20, 23, 24]","[26, 28, 24, 18, 15, 17, 19, 20, 23, 24]",2026-09-13T14:12:49.437Z
node-2.jsonl,SEND_STATE,,,43,,,,,,,,N02-M0012,65,"[20, 26, 29, 24, 23, 21, 18, 13, 10, 13]",,2,,,,,3,,,,,,c5c0169d6faf17b27b733aeda67a81559b3d47141c0275db32e7d9e3c60c8359,,,,2026-09-13T14:12:49.438Z
node-3.jsonl,RECEIVE_STATE,,43,,42,,False,,66,62,,N02-M0012,,,1,3,,43,65,"[20, 26, 29, 24, 23, 21, 18, 13, 10, 13]",,,,2,,c5c0169d6faf17b27b733aeda67a81559b3d47141c0275db32e7d9e3c60c8359,,,"[20, 26, 29, 26, 23, 21, 18, 13, 10, 13]","[20, 26, 25, 25, 23, 21, 18, 13, 10, 13]",2026-09-13T14:12:49.441Z
node-5.jsonl,LOCAL_SCHEDULE,,48,,,"{""creator_node"": 5, ""end_time"": ""20:40"", ""event_id"": ""N05-E06"", ""event_number"": 6, ""lamport_timestamp"": 62, ""simulation_date"": ""2030-10-01"", ""start_time"": ""20:20"", ""title"": ""Node 5 Event 6"", ""vector_timestamp"": [19, 21, 20, 19, 24, 27, 27, 24, 22, 19]}",,,62,,,,,,,5,,,,,,,85,,,ca28ceee99a7b221f0a201b4e7ee257d345086e42db23cc269744655a60df710,,,"[19, 21, 20, 19, 24, 27, 27, 24, 22, 19]",,2026-09-13T14:12:58.237Z
node-5.jsonl,SEND_STATE,,,48,,,,,,,,N05-M0011,63,"[19, 21, 20, 19, 24, 28, 27, 24, 22, 19]",,5,,,,,4,,,,,,ca28ceee99a7b221f0a201b4e7ee257d345086e42db23cc269744655a60df710,,,,2026-09-13T14:12:58.239Z
node-4.jsonl,RECEIVE_STATE,,51,,39,,False,,64,63,,N05-M0011,,,9,4,,48,63,"[19, 21, 20, 19, 24, 28, 27, 24, 22, 19]",,,,5,,0522bc2105f60093c7ea4d82984278f192b52699f8f01edd1a542c4cf6a308bd,,,"[20, 26, 25, 25, 26, 28, 27, 24, 22, 19]","[20, 26, 25, 25, 25, 21, 18, 13, 10, 13]",2026-09-13T14:12:58.241Z
node-5.jsonl,SEND_STATE,,,48,,,,,,,,N05-M0012,64,"[19, 21, 20, 19, 24, 29, 27, 24, 22, 19]",,5,,,,,6,,,,,,ca28ceee99a7b221f0a201b4e7ee257d345086e42db23cc269744655a60df710,,,,2026-09-13T14:12:58.243Z
node-6.jsonl,RECEIVE_STATE,,48,,43,,False,,65,59,,N05-M0012,,,5,6,,48,64,"[19, 21, 20, 19, 24, 29, 27, 24, 22, 19]",,,,5,,ca28ceee99a7b221f0a201b4e7ee257d345086e42db23cc269744655a60df710,,,"[19, 21, 20, 19, 24, 29, 29, 24, 22, 19]","[19, 20, 14, 13, 16, 22, 28, 24, 22, 19]",2026-09-13T14:12:58.246Z
node-9.jsonl,LOCAL_SCHEDULE,,43,,,"{""creator_node"": 9, ""end_time"": ""21:40"", ""event_id"": ""N09-E06"", ""event_number"": 6, ""lamport_timestamp"": 62, ""simulation_date"": ""2030-10-01"", ""start_time"": ""21:20"", ""title"": ""Node 9 Event 6"", ""vector_timestamp"": [25, 25, 19, 12, 10, 17, 19, 20, 23, 26]}",,,62,,,,,,,9,,,,,,,51,,,c64a7401fec68207d2860543e8f3f2dddb5e8561149209d875781f83e84a5f3b,,,"[25, 25, 19, 12, 10, 17, 19, 20, 23, 26]",,2026-09-13T14:13:04.000Z
node-9.jsonl,SEND_STATE,,,43,,,,,,,,N09-M0011,63,"[25, 25, 19, 12, 10, 17, 19, 20, 23, 27]",,9,,,,,8,,,,,,c64a7401fec68207d2860543e8f3f2dddb5e8561149209d875781f83e84a5f3b,,,,2026-09-13T14:13:04.004Z
node-8.jsonl,RECEIVE_STATE,,47,,39,,False,,64,58,,N09-M0011,,,4,8,,43,63,"[25, 25, 19, 12, 10, 17, 19, 20, 23, 27]",,,,9,,79dab72614af2eac1127b7400dcc70ed1768a5da07afe68a8fd0d0ceb4fb0432,,,"[25, 25, 19, 13, 16, 22, 24, 25, 26, 27]","[19, 20, 14, 13, 16, 22, 24, 25, 25, 23]",2026-09-13T14:13:04.011Z
node-9.jsonl,SEND_STATE,,,43,,,,,,,,N09-M0012,64,"[25, 25, 19, 12, 10, 17, 19, 20, 23, 28]",,9,,,,,0,,,,,,c64a7401fec68207d2860543e8f3f2dddb5e8561149209d875781f83e84a5f3b,,,,2026-09-13T14:13:04.013Z
node-0.jsonl,RECEIVE_STATE,,43,,42,,False,,65,61,,N09-M0012,,,1,0,,43,64,"[25, 25, 19, 12, 10, 17, 19, 20, 23, 28]",,,,9,,c64a7401fec68207d2860543e8f3f2dddb5e8561149209d875781f83e84a5f3b,,,"[27, 25, 19, 12, 10, 17, 19, 20, 23, 28]","[26, 25, 19, 12, 10, 17, 19, 20, 23, 24]",2026-09-13T14:13:04.015Z
node-7.jsonl,LOCAL_SCHEDULE,,44,,,"{""creator_node"": 7, ""end_time"": ""18:00"", ""event_id"": ""N07-E06"", ""event_number"": 6, ""lamport_timestamp"": 61, ""simulation_date"": ""2030-10-01"", ""start_time"": ""17:40"", ""title"": ""Node 7 Event 6"", ""vector_timestamp"": [19, 20, 14, 13, 16, 22, 28, 27, 22, 19]}",,,61,,,,,,,7,,,,,,,58,,,366401dc4ab0e0839a58a07ebac69eb8e567f232c31a9c03287722cb2398b7d5,,,"[19, 20, 14, 13, 16, 22, 28, 27, 22, 19]",,2026-09-13T14:13:05.000Z
node-7.jsonl,SEND_STATE,,,44,,,,,,,,N07-M0011,62,"[19, 20, 14, 13, 16, 22, 28, 28, 22, 19]",,7,,,,,6,,,,,,366401dc4ab0e0839a58a07ebac69eb8e567f232c31a9c03287722cb2398b7d5,,,,2026-09-13T14:13:05.003Z
node-6.jsonl,RECEIVE_STATE,,49,,43,,False,,66,65,,N07-M0011,,,1,6,,44,62,"[19, 20, 14, 13, 16, 22, 28, 28, 22, 19]",,,,7,,7eab3e79c2772eef619a487561be950ecd0a2a684b48555393added39913aa87,,,"[19, 21, 20, 19, 24, 29, 30, 28, 22, 19]","[19, 21, 20, 19, 24, 29, 29, 24, 22, 19]",2026-09-13T14:13:05.007Z
node-7.jsonl,SEND_STATE,,,44,,,,,,,,N07-M0012,63,"[19, 20, 14, 13, 16, 22, 28, 29, 22, 19]",,7,,,,,8,,,,,,366401dc4ab0e0839a58a07ebac69eb8e567f232c31a9c03287722cb2398b7d5,,,,2026-09-13T14:13:05.009Z
node-8.jsonl,RECEIVE_STATE,,49,,42,,False,,65,64,,N07-M0012,,,2,8,,44,63,"[19, 20, 14, 13, 16, 22, 28, 29, 22, 19]",,,,7,,eb00791113521e3e4012aaa13d1eaa558d2a98edb70d1b7299f42c40cffbe01f,,,"[25, 25, 19, 13, 16, 22, 28, 29, 27, 27]","[25, 25, 19, 13, 16, 22, 24, 25, 26, 27]",2026-09-13T14:13:05.011Z
node-1.jsonl,LOCAL_SCHEDULE,,51,,,"{""creator_node"": 1, ""end_time"": ""20:20"", ""event_id"": ""N01-E07"", ""event_number"": 7, ""lamport_timestamp"": 66, ""simulation_date"": ""2030-10-01"", ""start_time"": ""20:00"", ""title"": ""Node 1 Event 7"", ""vector_timestamp"": [26, 30, 28, 24, 23, 21, 19, 20, 23, 24]}",,,66,,,,,,,1,,,,,,,72,,,2f8835a8306ba0200b8170a1b2c4387c2f2cb080837594faaa0824903de69c74,,,"[26, 30, 28, 24, 23, 21, 19, 20, 23, 24]",,2026-09-13T14:13:08.661Z
node-1.jsonl,SEND_STATE,,,51,,,,,,,,N01-M0013,67,"[26, 31, 28, 24, 23, 21, 19, 20, 23, 24]",,1,,,,,0,,,,,,2f8835a8306ba0200b8170a1b2c4387c2f2cb080837594faaa0824903de69c74,,,,2026-09-13T14:13:08.665Z
node-0.jsonl,RECEIVE_STATE,,52,,42,,False,,68,65,,N01-M0013,,,9,0,,51,67,"[26, 31, 28, 24, 23, 21, 19, 20, 23, 24]",,,,1,,8e211143beefd5589666c37535df052b662f75c7e7dfd3d6259be1a1aca5a639,,,"[28, 31, 28, 24, 23, 21, 19, 20, 23, 28]","[27, 25, 19, 12, 10, 17, 19, 20, 23, 28]",2026-09-13T14:13:08.669Z
node-1.jsonl,SEND_STATE,,,51,,,,,,,,N01-M0014,68,"[26, 32, 28, 24, 23, 21, 19, 20, 23, 24]",,1,,,,,2,,,,,,2f8835a8306ba0200b8170a1b2c4387c2f2cb080837594faaa0824903de69c74,,,,2026-09-13T14:13:08.671Z
node-2.jsonl,RECEIVE_STATE,,51,,43,,False,,69,65,,N01-M0014,,,8,2,,51,68,"[26, 32, 28, 24, 23, 21, 19, 20, 23, 24]",,,,1,,2f8835a8306ba0200b8170a1b2c4387c2f2cb080837594faaa0824903de69c74,,,"[26, 32, 30, 24, 23, 21, 19, 20, 23, 24]","[20, 26, 29, 24, 23, 21, 18, 13, 10, 13]",2026-09-13T14:13:08.674Z
node-8.jsonl,LOCAL_SCHEDULE,,50,,,"{""creator_node"": 8, ""end_time"": ""21:20"", ""event_id"": ""N08-E06"", ""event_number"": 6, ""lamport_timestamp"": 66, ""simulation_date"": ""2030-10-01"", ""start_time"": ""21:00"", ""title"": ""Node 8 Event 6"", ""vector_timestamp"": [25, 25, 19, 13, 16, 22, 28, 29, 28, 27]}",,,66,,,,,,,8,,,,,,,79,,,b562dbeac4107da843076ecde44e2d9005d21631b47316f6be4114e117d3d8e0,,,"[25, 25, 19, 13, 16, 22, 28, 29, 28, 27]",,2026-09-13T14:13:13.841Z
node-8.jsonl,SEND_STATE,,,50,,,,,,,,N08-M0011,67,"[25, 25, 19, 13, 16, 22, 28, 29, 29, 27]",,8,,,,,7,,,,,,b562dbeac4107da843076ecde44e2d9005d21631b47316f6be4114e117d3d8e0,,,,2026-09-13T14:13:13.844Z
node-7.jsonl,RECEIVE_STATE,,50,,44,,False,,68,63,,N08-M0011,,,6,7,,50,67,"[25, 25, 19, 13, 16, 22, 28, 29, 29, 27]",,,,8,,b562dbeac4107da843076ecde44e2d9005d21631b47316f6be4114e117d3d8e0,,,"[25, 25, 19, 13, 16, 22, 28, 30, 29, 27]","[19, 20, 14, 13, 16, 22, 28, 29, 22, 19]",2026-09-13T14:13:13.849Z
node-8.jsonl,SEND_STATE,,,50,,,,,,,,N08-M0012,68,"[25, 25, 19, 13, 16, 22, 28, 29, 30, 27]",,8,,,,,9,,,,,,b562dbeac4107da843076ecde44e2d9005d21631b47316f6be4114e117d3d8e0,,,,2026-09-13T14:13:13.851Z
node-9.jsonl,RECEIVE_STATE,,50,,43,,False,,69,64,,N08-M0012,,,7,9,,50,68,"[25, 25, 19, 13, 16, 22, 28, 29, 30, 27]",,,,8,,b562dbeac4107da843076ecde44e2d9005d21631b47316f6be4114e117d3d8e0,,,"[25, 25, 19, 13, 16, 22, 28, 29, 30, 29]","[25, 25, 19, 12, 10, 17, 19, 20, 23, 28]",2026-09-13T14:13:13.853Z
node-0.jsonl,LOCAL_SCHEDULE,,53,,,"{""creator_node"": 0, ""end_time"": ""15:00"", ""event_id"": ""N00-E06"", ""event_number"": 6, ""lamport_timestamp"": 69, ""simulation_date"": ""2030-10-01"", ""start_time"": ""14:40"", ""title"": ""Node 0 Event 6"", ""vector_timestamp"": [29, 31, 28, 24, 23, 21, 19, 20, 23, 28]}",,,69,,,,,,,0,,,,,,,40,,,24143f24975b6f144ac77c045cba033c53420c3134f8cbaae449c1030a07babf,,,"[29, 31, 28, 24, 23, 21, 19, 20, 23, 28]",,2026-09-13T14:13:23.399Z
node-0.jsonl,SEND_STATE,,,53,,,,,,,,N00-M0011,70,"[30, 31, 28, 24, 23, 21, 19, 20, 23, 28]",,0,,,,,9,,,,,,24143f24975b6f144ac77c045cba033c53420c3134f8cbaae449c1030a07babf,,,,2026-09-13T14:13:23.405Z
node-9.jsonl,RECEIVE_STATE,,58,,45,,False,,71,69,,N00-M0011,,,8,9,,53,70,"[30, 31, 28, 24, 23, 21, 19, 20, 23, 28]",,,,0,,427859f68050746b343300cb3024e7503bb86e144053b725a17f462e47e8e19a,,,"[30, 31, 28, 24, 23, 22, 28, 29, 30, 30]","[25, 25, 19, 13, 16, 22, 28, 29, 30, 29]",2026-09-13T14:13:23.412Z
node-0.jsonl,SEND_STATE,,,53,,,,,,,,N00-M0012,71,"[31, 31, 28, 24, 23, 21, 19, 20, 23, 28]",,0,,,,,1,,,,,,24143f24975b6f144ac77c045cba033c53420c3134f8cbaae449c1030a07babf,,,,2026-09-13T14:13:23.414Z
node-1.jsonl,RECEIVE_STATE,,53,,51,,False,,72,68,,N00-M0012,,,2,1,,53,71,"[31, 31, 28, 24, 23, 21, 19, 20, 23, 28]",,,,0,,24143f24975b6f144ac77c045cba033c53420c3134f8cbaae449c1030a07babf,,,"[31, 33, 28, 24, 23, 21, 19, 20, 23, 28]","[26, 32, 28, 24, 23, 21, 19, 20, 23, 24]",2026-09-13T14:13:23.418Z
node-4.jsonl,LOCAL_SCHEDULE,,52,,,"{""creator_node"": 4, ""end_time"": ""18:40"", ""event_id"": ""N04-E06"", ""event_number"": 6, ""lamport_timestamp"": 65, ""simulation_date"": ""2030-10-01"", ""start_time"": ""18:20"", ""title"": ""Node 4 Event 6"", ""vector_timestamp"": [20, 26, 25, 25, 27, 28, 27, 24, 22, 19]}",,,65,,,,,,,4,,,,,,,65,,,fae5b59cb57a03391c5a7266a0849d1afde3c20d7cee0ba74b832adcb6d5cdd9,,,"[20, 26, 25, 25, 27, 28, 27, 24, 22, 19]",,2026-09-13T14:13:29.478Z
node-4.jsonl,SEND_STATE,,,52,,,,,,,,N04-M0011,66,"[20, 26, 25, 25, 28, 28, 27, 24, 22, 19]",,4,,,,,3,,,,,,fae5b59cb57a03391c5a7266a0849d1afde3c20d7cee0ba74b832adcb6d5cdd9,,,,2026-09-13T14:13:29.480Z
node-3.jsonl,RECEIVE_STATE,,53,,42,,False,,67,66,,N04-M0011,,,10,3,,52,66,"[20, 26, 25, 25, 28, 28, 27, 24, 22, 19]",,,,4,,bbdff1a2c4ae31d1feafe34fc6b09080ff2c59ea314ab247d5cd22d1ee45ad08,,,"[20, 26, 29, 27, 28, 28, 27, 24, 22, 19]","[20, 26, 29, 26, 23, 21, 18, 13, 10, 13]",2026-09-13T14:13:29.482Z
node-4.jsonl,SEND_STATE,,,52,,,,,,,,N04-M0012,67,"[20, 26, 25, 25, 29, 28, 27, 24, 22, 19]",,4,,,,,5,,,,,,fae5b59cb57a03391c5a7266a0849d1afde3c20d7cee0ba74b832adcb6d5cdd9,,,,2026-09-13T14:13:29.484Z
node-5.jsonl,RECEIVE_STATE,,52,,48,,False,,68,64,,N04-M0012,,,4,5,,52,67,"[20, 26, 25, 25, 29, 28, 27, 24, 22, 19]",,,,4,,fae5b59cb57a03391c5a7266a0849d1afde3c20d7cee0ba74b832adcb6d5cdd9,,,"[20, 26, 25, 25, 29, 30, 27, 24, 22, 19]","[19, 21, 20, 19, 24, 29, 27, 24, 22, 19]",2026-09-13T14:13:29.487Z
node-2.jsonl,LOCAL_SCHEDULE,,52,,,"{""creator_node"": 2, ""end_time"": ""16:00"", ""event_id"": ""N02-E07"", ""event_number"": 7, ""lamport_timestamp"": 70, ""simulation_date"": ""2030-10-01"", ""start_time"": ""15:40"", ""title"": ""Node 2 Event 7"", ""vector_timestamp"": [26, 32, 31, 24, 23, 21, 19, 20, 23, 24]}",,,70,,,,,,,2,,,,,,,46,,,4ce14ee6b5430b1f8cb47006b366ada3eb3cea04dec0e70e88cd8823fbc9d64b,,,"[26, 32, 31, 24, 23, 21, 19, 20, 23, 24]",,2026-09-13T14:13:35.440Z
node-2.jsonl,SEND_STATE,,,52,,,,,,,,N02-M0013,71,"[26, 32, 32, 24, 23, 21, 19, 20, 23, 24]",,2,,,,,1,,,,,,4ce14ee6b5430b1f8cb47006b366ada3eb3cea04dec0e70e88cd8823fbc9d64b,,,,2026-09-13T14:13:35.443Z
node-1.jsonl,RECEIVE_STATE,,54,,51,,False,,73,72,,N02-M0013,,,1,1,,52,71,"[26, 32, 32, 24, 23, 21, 19, 20, 23, 24]",,,,2,,b955d88c4239ba71bf23d7677db6adc2c86c1bff4be4194bbe85d56693b5177a,,,"[31, 34, 32, 24, 23, 21, 19, 20, 23, 28]","[31, 33, 28, 24, 23, 21, 19, 20, 23, 28]",2026-09-13T14:13:35.451Z
node-2.jsonl,SEND_STATE,,,52,,,,,,,,N02-M0014,72,"[26, 32, 33, 24, 23, 21, 19, 20, 23, 24]",,2,,,,,3,,,,,,4ce14ee6b5430b1f8cb47006b366ada3eb3cea04dec0e70e88cd8823fbc9d64b,,,,2026-09-13T14:13:35.453Z
node-3.jsonl,RECEIVE_STATE,,57,,48,,False,,73,67,,N02-M0014,,,4,3,,52,72,"[26, 32, 33, 24, 23, 21, 19, 20, 23, 24]",,,,2,,0ff379ab09ca5717a23fc280c7cc2eae3aa952c3ac4d0a51c84808b50d8b2927,,,"[26, 32, 33, 28, 28, 28, 27, 24, 23, 24]","[20, 26, 29, 27, 28, 28, 27, 24, 22, 19]",2026-09-13T14:13:35.455Z
node-6.jsonl,LOCAL_SCHEDULE,,50,,,"{""creator_node"": 6, ""end_time"": ""21:40"", ""event_id"": ""N06-E07"", ""event_number"": 7, ""lamport_timestamp"": 67, ""simulation_date"": ""2030-10-01"", ""start_time"": ""21:20"", ""title"": ""Node 6 Event 7"", ""vector_timestamp"": [19, 21, 20, 19, 24, 29, 31, 28, 22, 19]}",,,67,,,,,,,6,,,,,,,71,,,ff608e96836c69f588ae0dba326198afe467f316a72d4095f3acec02fbff03b8,,,"[19, 21, 20, 19, 24, 29, 31, 28, 22, 19]",,2026-09-13T14:13:44.698Z
node-6.jsonl,SEND_STATE,,,50,,,,,,,,N06-M0013,68,"[19, 21, 20, 19, 24, 29, 32, 28, 22, 19]",,6,,,,,5,,,,,,ff608e96836c69f588ae0dba326198afe467f316a72d4095f3acec02fbff03b8,,,,2026-09-13T14:13:44.701Z
node-5.jsonl,RECEIVE_STATE,,54,,48,,False,,69,68,,N06-M0013,,,2,5,,50,68,"[19, 21, 20, 19, 24, 29, 32, 28, 22, 19]",,,,6,,3aada974615cbfeaf601e7b06b1bf796bd89a85cb47c4901a44525d5b74bb028,,,"[20, 26, 25, 25, 29, 31, 32, 28, 22, 19]","[20, 26, 25, 25, 29, 30, 27, 24, 22, 19]",2026-09-13T14:13:44.706Z
node-6.jsonl,SEND_STATE,,,50,,,,,,,,N06-M0014,69,"[19, 21, 20, 19, 24, 29, 33, 28, 22, 19]",,6,,,,,7,,,,,,ff608e96836c69f588ae0dba326198afe467f316a72d4095f3acec02fbff03b8,,,,2026-09-13T14:13:44.708Z
node-7.jsonl,RECEIVE_STATE,,55,,45,,False,,70,68,,N06-M0014,,,5,7,,50,69,"[19, 21, 20, 19, 24, 29, 33, 28, 22, 19]",,,,6,,fd5d388c70ce0cda9a0d90f9a50728ed135c82a0450c375596e5040862e5b263,,,"[25, 25, 20, 19, 24, 29, 33, 31, 29, 27]","[25, 25, 19, 13, 16, 22, 28, 30, 29, 27]",2026-09-13T14:13:44.711Z
node-9.jsonl,LOCAL_SCHEDULE,,59,,,"{""creator_node"": 9, ""end_time"": ""23:00"", ""event_id"": ""N09-E07"", ""event_number"": 7, ""lamport_timestamp"": 72, ""simulation_date"": ""2030-10-01"", ""start_time"": ""22:40"", ""title"": ""Node 9 Event 7"", ""vector_timestamp"": [30, 31, 28, 24, 23, 22, 28, 29, 30, 31]}",,,72,,,,,,,9,,,,,,,50,,,c441213183477f8f76b1ee98d7b7e5377869de66ce255198e6fe9d92b40ede88,,,"[30, 31, 28, 24, 23, 22, 28, 29, 30, 31]",,2026-09-13T14:13:54.015Z
node-9.jsonl,SEND_STATE,,,59,,,,,,,,N09-M0013,73,"[30, 31, 28, 24, 23, 22, 28, 29, 30, 32]",,9,,,,,8,,,,,,c441213183477f8f76b1ee98d7b7e5377869de66ce255198e6fe9d92b40ede88,,,,2026-09-13T14:13:54.017Z
node-8.jsonl,RECEIVE_STATE,,59,,50,,False,,74,68,,N09-M0013,,,9,8,,59,73,"[30, 31, 28, 24, 23, 22, 28, 29, 30, 32]",,,,9,,c441213183477f8f76b1ee98d7b7e5377869de66ce255198e6fe9d92b40ede88,,,"[30, 31, 28, 24, 23, 22, 28, 29, 31, 32]","[25, 25, 19, 13, 16, 22, 28, 29, 30, 27]",2026-09-13T14:13:54.028Z
node-9.jsonl,SEND_STATE,,,59,,,,,,,,N09-M0014,74,"[30, 31, 28, 24, 23, 22, 28, 29, 30, 33]",,9,,,,,0,,,,,,c441213183477f8f76b1ee98d7b7e5377869de66ce255198e6fe9d92b40ede88,,,,2026-09-13T14:13:54.031Z
node-0.jsonl,RECEIVE_STATE,,59,,53,,False,,75,71,,N09-M0014,,,6,0,,59,74,"[30, 31, 28, 24, 23, 22, 28, 29, 30, 33]",,,,9,,c441213183477f8f76b1ee98d7b7e5377869de66ce255198e6fe9d92b40ede88,,,"[32, 31, 28, 24, 23, 22, 28, 29, 30, 33]","[31, 31, 28, 24, 23, 21, 19, 20, 23, 28]",2026-09-13T14:13:54.034Z
node-0.jsonl,LOCAL_SCHEDULE,,60,,,"{""creator_node"": 0, ""end_time"": ""14:20"", ""event_id"": ""N00-E07"", ""event_number"": 7, ""lamport_timestamp"": 76, ""simulation_date"": ""2030-10-01"", ""start_time"": ""14:00"", ""title"": ""Node 0 Event 7"", ""vector_timestamp"": [33, 31, 28, 24, 23, 22, 28, 29, 30, 33]}",,,76,,,,,,,0,,,,,,,37,,,b2cb0c234d8b9c6631448d61c9aa970746f164ea317005bb06edb1ce0116d4bd,,,"[33, 31, 28, 24, 23, 22, 28, 29, 30, 33]",,2026-09-13T14:14:00.418Z
node-0.jsonl,SEND_STATE,,,60,,,,,,,,N00-M0013,77,"[34, 31, 28, 24, 23, 22, 28, 29, 30, 33]",,0,,,,,9,,,,,,b2cb0c234d8b9c6631448d61c9aa970746f164ea317005bb06edb1ce0116d4bd,,,,2026-09-13T14:14:00.422Z
node-9.jsonl,RECEIVE_STATE,,60,,59,,False,,78,74,,N00-M0013,,,1,9,,60,77,"[34, 31, 28, 24, 23, 22, 28, 29, 30, 33]",,,,0,,b2cb0c234d8b9c6631448d61c9aa970746f164ea317005bb06edb1ce0116d4bd,,,"[34, 31, 28, 24, 23, 22, 28, 29, 30, 34]","[30, 31, 28, 24, 23, 22, 28, 29, 30, 33]",2026-09-13T14:14:00.426Z
node-0.jsonl,SEND_STATE,,,60,,,,,,,,N00-M0014,78,"[35, 31, 28, 24, 23, 22, 28, 29, 30, 33]",,0,,,,,1,,,,,,b2cb0c234d8b9c6631448d61c9aa970746f164ea317005bb06edb1ce0116d4bd,,,,2026-09-13T14:14:00.428Z
node-1.jsonl,RECEIVE_STATE,,61,,53,,False,,79,73,,N00-M0014,,,7,1,,60,78,"[35, 31, 28, 24, 23, 22, 28, 29, 30, 33]",,,,0,,e7d4794b6cd55f44dfc224a82a222c1eed266e25b5c6a786927a85236afd5580,,,"[35, 35, 32, 24, 23, 22, 28, 29, 30, 33]","[31, 34, 32, 24, 23, 21, 19, 20, 23, 28]",2026-09-13T14:14:00.433Z
node-3.jsonl,LOCAL_SCHEDULE,,58,,,"{""creator_node"": 3, ""end_time"": ""21:00"", ""event_id"": ""N03-E06"", ""event_number"": 6, ""lamport_timestamp"": 74, ""simulation_date"": ""2030-10-01"", ""start_time"": ""20:40"", ""title"": ""Node 3 Event 6"", ""vector_timestamp"": [26, 32, 33, 29, 28, 28, 27, 24, 23, 24]}",,,74,,,,,,,3,,,,,,,75,,,7af3abde03ba842fb35bf7ffbc217cb5966038a58c7abe2c84b2b4c33266973e,,,"[26, 32, 33, 29, 28, 28, 27, 24, 23, 24]",,2026-09-13T14:14:02.651Z
node-3.jsonl,SEND_STATE,,,58,,,,,,,,N03-M0011,75,"[26, 32, 33, 30, 28, 28, 27, 24, 23, 24]",,3,,,,,2,,,,,,7af3abde03ba842fb35bf7ffbc217cb5966038a58c7abe2c84b2b4c33266973e,,,,2026-09-13T14:14:02.655Z
node-2.jsonl,RECEIVE_STATE,,58,,52,,False,,76,72,,N03-M0011,,,6,2,,58,75,"[26, 32, 33, 30, 28, 28, 27, 24, 23, 24]",,,,3,,7af3abde03ba842fb35bf7ffbc217cb5966038a58c7abe2c84b2b4c33266973e,,,"[26, 32, 34, 30, 28, 28, 27, 24, 23, 24]","[26, 32, 33, 24, 23, 21, 19, 20, 23, 24]",2026-09-13T14:14:02.658Z
node-3.jsonl,SEND_STATE,,,58,,,,,,,,N03-M0012,76,"[26, 32, 33, 31, 28, 28, 27, 24, 23, 24]",,3,,,,,4,,,,,,7af3abde03ba842fb35bf7ffbc217cb5966038a58c7abe2c84b2b4c33266973e,,,,2026-09-13T14:14:02.660Z
node-4.jsonl,RECEIVE_STATE,,58,,52,,False,,77,67,,N03-M0012,,,6,4,,58,76,"[26, 32, 33, 31, 28, 28, 27, 24, 23, 24]",,,,3,,7af3abde03ba842fb35bf7ffbc217cb5966038a58c7abe2c84b2b4c33266973e,,,"[26, 32, 33, 31, 30, 28, 27, 24, 23, 24]","[20, 26, 25, 25, 29, 28, 27, 24, 22, 19]",2026-09-13T14:14:02.662Z
node-5.jsonl,LOCAL_SCHEDULE,,55,,,"{""creator_node"": 5, ""end_time"": ""16:20"", ""event_id"": ""N05-E07"", ""event_number"": 7, ""lamport_timestamp"": 70, ""simulation_date"": ""2030-10-01"", ""start_time"": ""16:00"", ""title"": ""Node 5 Event 7"", ""vector_timestamp"": [20, 26, 25, 25, 29, 32, 32, 28, 22, 19]}",,,70,,,,,,,5,,,,,,,74,,,7045f9d675d24313596f8b923c616c11e4e507ed3f864e1e645a62626a3d886a,,,"[20, 26, 25, 25, 29, 32, 32, 28, 22, 19]",,2026-09-13T14:14:12.244Z
node-5.jsonl,SEND_STATE,,,55,,,,,,,,N05-M0013,71,"[20, 26, 25, 25, 29, 33, 32, 28, 22, 19]",,5,,,,,4,,,,,,7045f9d675d24313596f8b923c616c11e4e507ed3f864e1e645a62626a3d886a,,,,2026-09-13T14:14:12.248Z
node-4.jsonl,RECEIVE_STATE,,61,,52,,False,,78,77,,N05-M0013,,,3,4,,55,71,"[20, 26, 25, 25, 29, 33, 32, 28, 22, 19]",,,,5,,45d2968dab21f622c6dc80ca79abf0b1fc1e15fd7959f47fcecb483fd680a934,,,"[26, 32, 33, 31, 31, 33, 32, 28, 23, 24]","[26, 32, 33, 31, 30, 28, 27, 24, 23, 24]",2026-09-13T14:14:12.252Z
node-5.jsonl,SEND_STATE,,,55,,,,,,,,N05-M0014,72,"[20, 26, 25, 25, 29, 34, 32, 28, 22, 19]",,5,,,,,6,,,,,,7045f9d675d24313596f8b923c616c11e4e507ed3f864e1e645a62626a3d886a,,,,2026-09-13T14:14:12.254Z
node-6.jsonl,RECEIVE_STATE,,55,,50,,False,,73,69,,N05-M0014,,,5,6,,55,72,"[20, 26, 25, 25, 29, 34, 32, 28, 22, 19]",,,,5,,7045f9d675d24313596f8b923c616c11e4e507ed3f864e1e645a62626a3d886a,,,"[20, 26, 25, 25, 29, 34, 34, 28, 22, 19]","[19, 21, 20, 19, 24, 29, 33, 28, 22, 19]",2026-09-13T14:14:12.257Z
node-7.jsonl,LOCAL_SCHEDULE,,56,,,"{""creator_node"": 7, ""end_time"": ""20:20"", ""event_id"": ""N07-E07"", ""event_number"": 7, ""lamport_timestamp"": 71, ""simulation_date"": ""2030-10-01"", ""start_time"": ""20:00"", ""title"": ""Node 7 Event 7"", ""vector_timestamp"": [25, 25, 20, 19, 24, 29, 33, 32, 29, 27]}",,,71,,,,,,,7,,,,,,,72,,,5aec831808e7fb251d34f1c69b866915292df09f1f331a42ebb3e5bb38634e40,,,"[25, 25, 20, 19, 24, 29, 33, 32, 29, 27]",,2026-09-13T14:14:17.008Z
node-7.jsonl,SEND_STATE,,,56,,,,,,,,N07-M0013,72,"[25, 25, 20, 19, 24, 29, 33, 33, 29, 27]",,7,,,,,6,,,,,,5aec831808e7fb251d34f1c69b866915292df09f1f331a42ebb3e5bb38634e40,,,,2026-09-13T14:14:17.010Z
node-6.jsonl,RECEIVE_STATE,,60,,51,,False,,74,73,,N07-M0013,,,5,6,,56,72,"[25, 25, 20, 19, 24, 29, 33, 33, 29, 27]",,,,7,,ee96e94c3b8c0d25cb7cd15202f6a3b96cb34da6faecdf328dd69421349c19b3,,,"[25, 26, 25, 25, 29, 34, 35, 33, 29, 27]","[20, 26, 25, 25, 29, 34, 34, 28, 22, 19]",2026-09-13T14:14:17.014Z
node-7.jsonl,SEND_STATE,,,56,,,,,,,,N07-M0014,73,"[25, 25, 20, 19, 24, 29, 33, 34, 29, 27]",,7,,,,,8,,,,,,5aec831808e7fb251d34f1c69b866915292df09f1f331a42ebb3e5bb38634e40,,,,2026-09-13T14:14:17.016Z
node-8.jsonl,RECEIVE_STATE,,62,,53,,False,,75,74,,N07-M0014,,,3,8,,56,73,"[25, 25, 20, 19, 24, 29, 33, 34, 29, 27]",,,,7,,6bd57887a5761f29c04977791b4a8e1f10922f14abb8d3fcca3038b0f5862657,,,"[30, 31, 28, 24, 24, 29, 33, 34, 32, 32]","[30, 31, 28, 24, 23, 22, 28, 29, 31, 32]",2026-09-13T14:14:17.022Z
node-2.jsonl,LOCAL_SCHEDULE,,59,,,"{""creator_node"": 2, ""end_time"": ""17:00"", ""event_id"": ""N02-E08"", ""event_number"": 8, ""lamport_timestamp"": 77, ""simulation_date"": ""2030-10-01"", ""start_time"": ""16:40"", ""title"": ""Node 2 Event 8"", ""vector_timestamp"": [26, 32, 35, 30, 28, 28, 27, 24, 23, 24]}",,,77,,,,,,,2,,,,,,,53,,,b162f407fb29d2e7b761b9796b0b58e8a04abc82bc44800a6d79b09b22f7bce6,,,"[26, 32, 35, 30, 28, 28, 27, 24, 23, 24]",,2026-09-13T14:14:28.457Z
node-2.jsonl,SEND_STATE,,,59,,,,,,,,N02-M0015,78,"[26, 32, 36, 30, 28, 28, 27, 24, 23, 24]",,2,,,,,1,,,,,,b162f407fb29d2e7b761b9796b0b58e8a04abc82bc44800a6d79b09b22f7bce6,,,,2026-09-13T14:14:28.460Z
node-1.jsonl,RECEIVE_STATE,,65,,55,,False,,80,79,,N02-M0015,,,4,1,,59,78,"[26, 32, 36, 30, 28, 28, 27, 24, 23, 24]",,,,2,,6445b29923acb914a29fb9b218d6075ef96bebc2798bdcea6751f4727ccacecc,,,"[35, 36, 36, 30, 28, 28, 28, 29, 30, 33]","[35, 35, 32, 24, 23, 22, 28, 29, 30, 33]",2026-09-13T14:14:28.470Z
node-2.jsonl,SEND_STATE,,,59,,,,,,,,N02-M0016,79,"[26, 32, 37, 30, 28, 28, 27, 24, 23, 24]",,2,,,,,3,,,,,,b162f407fb29d2e7b761b9796b0b58e8a04abc82bc44800a6d79b09b22f7bce6,,,,2026-09-13T14:14:28.472Z
node-3.jsonl,RECEIVE_STATE,,59,,58,,False,,80,76,,N02-M0016,,,1,3,,59,79,"[26, 32, 37, 30, 28, 28, 27, 24, 23, 24]",,,,2,,b162f407fb29d2e7b761b9796b0b58e8a04abc82bc44800a6d79b09b22f7bce6,,,"[26, 32, 37, 32, 28, 28, 27, 24, 23, 24]","[26, 32, 33, 31, 28, 28, 27, 24, 23, 24]",2026-09-13T14:14:28.475Z
node-4.jsonl,LOCAL_SCHEDULE,,62,,,"{""creator_node"": 4, ""end_time"": ""18:00"", ""event_id"": ""N04-E07"", ""event_number"": 7, ""lamport_timestamp"": 79, ""simulation_date"": ""2030-10-01"", ""start_time"": ""17:40"", ""title"": ""Node 4 Event 7"", ""vector_timestamp"": [26, 32, 33, 31, 32, 33, 32, 28, 23, 24]}",,,79,,,,,,,4,,,,,,,63,,,830b3050a5108ce55de58faf1d2fed74ca4d3c788c3dd6015ac790e67c4dd251,,,"[26, 32, 33, 31, 32, 33, 32, 28, 23, 24]",,2026-09-13T14:14:32.484Z
node-4.jsonl,SEND_STATE,,,62,,,,,,,,N04-M0013,80,"[26, 32, 33, 31, 33, 33, 32, 28, 23, 24]",,4,,,,,3,,,,,,830b3050a5108ce55de58faf1d2fed74ca4d3c788c3dd6015ac790e67c4dd251,,,,2026-09-13T14:14:32.488Z
node-3.jsonl,RECEIVE_STATE,,63,,58,,False,,81,80,,N04-M0013,,,4,3,,62,80,"[26, 32, 33, 31, 33, 33, 32, 28, 23, 24]",,,,4,,b14303a54d93568d49bb93671693355a5bf392ed5fa2775d2ff18d85fb7a72ba,,,"[26, 32, 37, 33, 33, 33, 32, 28, 23, 24]","[26, 32, 37, 32, 28, 28, 27, 24, 23, 24]",2026-09-13T14:14:32.493Z
node-4.jsonl,SEND_STATE,,,62,,,,,,,,N04-M0014,81,"[26, 32, 33, 31, 34, 33, 32, 28, 23, 24]",,4,,,,,5,,,,,,830b3050a5108ce55de58faf1d2fed74ca4d3c788c3dd6015ac790e67c4dd251,,,,2026-09-13T14:14:32.495Z
node-5.jsonl,RECEIVE_STATE,,62,,55,,False,,82,72,,N04-M0014,,,7,5,,62,81,"[26, 32, 33, 31, 34, 33, 32, 28, 23, 24]",,,,4,,830b3050a5108ce55de58faf1d2fed74ca4d3c788c3dd6015ac790e67c4dd251,,,"[26, 32, 33, 31, 34, 35, 32, 28, 23, 24]","[20, 26, 25, 25, 29, 34, 32, 28, 22, 19]",2026-09-13T14:14:32.498Z
node-8.jsonl,LOCAL_SCHEDULE,,63,,,"{""creator_node"": 8, ""end_time"": ""16:40"", ""event_id"": ""N08-E07"", ""event_number"": 7, ""lamport_timestamp"": 76, ""simulation_date"": ""2030-10-01"", ""start_time"": ""16:20"", ""title"": ""Node 8 Event 7"", ""vector_timestamp"": [30, 31, 28, 24, 24, 29, 33, 34, 33, 32]}",,,76,,,,,,,8,,,,,,,79,,,ae0b83b21ef1130ff1d282bd3e535a0475d7092f4cf80a9c1b93630a92eb55ca,,,"[30, 31, 28, 24, 24, 29, 33, 34, 33, 32]",,2026-09-13T14:14:32.849Z
node-8.jsonl,SEND_STATE,,,63,,,,,,,,N08-M0013,77,"[30, 31, 28, 24, 24, 29, 33, 34, 34, 32]",,8,,,,,7,,,,,,ae0b83b21ef1130ff1d282bd3e535a0475d7092f4cf80a9c1b93630a92eb55ca,,,,2026-09-13T14:14:32.853Z
node-7.jsonl,RECEIVE_STATE,,63,,56,,False,,78,73,,N08-M0013,,,7,7,,63,77,"[30, 31, 28, 24, 24, 29, 33, 34, 34, 32]",,,,8,,ae0b83b21ef1130ff1d282bd3e535a0475d7092f4cf80a9c1b93630a92eb55ca,,,"[30, 31, 28, 24, 24, 29, 33, 35, 34, 32]","[25, 25, 20, 19, 24, 29, 33, 34, 29, 27]",2026-09-13T14:14:32.856Z
node-8.jsonl,SEND_STATE,,,63,,,,,,,,N08-M0014,78,"[30, 31, 28, 24, 24, 29, 33, 34, 35, 32]",,8,,,,,9,,,,,,ae0b83b21ef1130ff1d282bd3e535a0475d7092f4cf80a9c1b93630a92eb55ca,,,,2026-09-13T14:14:32.858Z
node-9.jsonl,RECEIVE_STATE,,64,,59,,False,,79,78,,N08-M0014,,,4,9,,63,78,"[30, 31, 28, 24, 24, 29, 33, 34, 35, 32]",,,,8,,9a2d5bbcf10f05d41bf46505d6e21b3204d3f67bcdf879d6a3ada8309eecc61c,,,"[34, 31, 28, 24, 24, 29, 33, 34, 35, 35]","[34, 31, 28, 24, 23, 22, 28, 29, 30, 34]",2026-09-13T14:14:32.860Z
node-1.jsonl,LOCAL_SCHEDULE,,66,,,"{""creator_node"": 1, ""end_time"": ""13:40"", ""event_id"": ""N01-E08"", ""event_number"": 8, ""lamport_timestamp"": 81, ""simulation_date"": ""2030-10-01"", ""start_time"": ""13:20"", ""title"": ""Node 1 Event 8"", ""vector_timestamp"": [35, 37, 36, 30, 28, 28, 28, 29, 30, 33]}",,,81,,,,,,,1,,,,,,,90,,,04abd4ee2aacece8a9ac95544eeb5a4b7d7f4acf4f0a89e7dd66aa3dbf28c829,,,"[35, 37, 36, 30, 28, 28, 28, 29, 30, 33]",,2026-09-13T14:14:38.671Z
node-1.jsonl,SEND_STATE,,,66,,,,,,,,N01-M0015,82,"[35, 38, 36, 30, 28, 28, 28, 29, 30, 33]",,1,,,,,0,,,,,,04abd4ee2aacece8a9ac95544eeb5a4b7d7f4acf4f0a89e7dd66aa3dbf28c829,,,,2026-09-13T14:14:38.674Z
node-0.jsonl,RECEIVE_STATE,,66,,60,,False,,83,78,,N01-M0015,,,6,0,,66,82,"[35, 38, 36, 30, 28, 28, 28, 29, 30, 33]",,,,1,,04abd4ee2aacece8a9ac95544eeb5a4b7d7f4acf4f0a89e7dd66aa3dbf28c829,,,"[36, 38, 36, 30, 28, 28, 28, 29, 30, 33]","[35, 31, 28, 24, 23, 22, 28, 29, 30, 33]",2026-09-13T14:14:38.677Z
node-1.jsonl,SEND_STATE,,,66,,,,,,,,N01-M0016,83,"[35, 39, 36, 30, 28, 28, 28, 29, 30, 33]",,1,,,,,2,,,,,,04abd4ee2aacece8a9ac95544eeb5a4b7d7f4acf4f0a89e7dd66aa3dbf28c829,,,,2026-09-13T14:14:38.683Z
node-2.jsonl,RECEIVE_STATE,,66,,59,,False,,84,79,,N01-M0016,,,7,2,,66,83,"[35, 39, 36, 30, 28, 28, 28, 29, 30, 33]",,,,1,,04abd4ee2aacece8a9ac95544eeb5a4b7d7f4acf4f0a89e7dd66aa3dbf28c829,,,"[35, 39, 38, 30, 28, 28, 28, 29, 30, 33]","[26, 32, 37, 30, 28, 28, 27, 24, 23, 24]",2026-09-13T14:14:38.687Z
node-6.jsonl,LOCAL_SCHEDULE,,61,,,"{""creator_node"": 6, ""end_time"": ""21:20"", ""event_id"": ""N06-E08"", ""event_number"": 8, ""lamport_timestamp"": 75, ""simulation_date"": ""2030-10-01"", ""start_time"": ""21:00"", ""title"": ""Node 6 Event 8"", ""vector_timestamp"": [25, 26, 25, 25, 29, 34, 36, 33, 29, 27]}",,,75,,,,,,,6,,,,,,,57,,,931fd2b2e479ba5b3407a5251f300dcab66360abcd80642ba228f63a8fe216d1,,,"[25, 26, 25, 25, 29, 34, 36, 33, 29, 27]",,2026-09-13T14:14:41.711Z
node-6.jsonl,SEND_STATE,,,61,,,,,,,,N06-M0015,76,"[25, 26, 25, 25, 29, 34, 37, 33, 29, 27]",,6,,,,,5,,,,,,931fd2b2e479ba5b3407a5251f300dcab66360abcd80642ba228f63a8fe216d1,,,,2026-09-13T14:14:41.713Z
node-5.jsonl,RECEIVE_STATE,,66,,57,,False,,83,82,,N06-M0015,,,4,5,,61,76,"[25, 26, 25, 25, 29, 34, 37, 33, 29, 27]",,,,6,,2c32256ff2db85cc00c04b0e88975155bc270d37997e59529e93538ed275b6cb,,,"[26, 32, 33, 31, 34, 36, 37, 33, 29, 27]","[26, 32, 33, 31, 34, 35, 32, 28, 23, 24]",2026-09-13T14:14:41.716Z
node-6.jsonl,SEND_STATE,,,61,,,,,,,,N06-M0016,77,"[25, 26, 25, 25, 29, 34, 38, 33, 29, 27]",,6,,,,,7,,,,,,931fd2b2e479ba5b3407a5251f300dcab66360abcd80642ba228f63a8fe216d1,,,,2026-09-13T14:14:41.718Z
node-7.jsonl,RECEIVE_STATE,,66,,58,,False,,79,78,,N06-M0016,,,3,7,,61,77,"[25, 26, 25, 25, 29, 34, 38, 33, 29, 27]",,,,6,,d116422a8dd2197ae3135de29d695946905f304d6c15af6abd82ac8dde019a17,,,"[30, 31, 28, 25, 29, 34, 38, 36, 34, 32]","[30, 31, 28, 24, 24, 29, 33, 35, 34, 32]",2026-09-13T14:14:41.721Z
node-9.jsonl,LOCAL_SCHEDULE,,65,,,"{""creator_node"": 9, ""end_time"": ""18:00"", ""event_id"": ""N09-E08"", ""event_number"": 8, ""lamport_timestamp"": 80, ""simulation_date"": ""2030-10-01"", ""start_time"": ""17:40"", ""title"": ""Node 9 Event 8"", ""vector_timestamp"": [34, 31, 28, 24, 24, 29, 33, 34, 35, 36]}",,,80,,,,,,,9,,,,,,,52,,,05d2441f8ddda2f0cad411678c173e927dcf4da8428e77807ba95a2d67eb64e4,,,"[34, 31, 28, 24, 24, 29, 33, 34, 35, 36]",,2026-09-13T14:14:46.032Z
node-9.jsonl,SEND_STATE,,,65,,,,,,,,N09-M0015,81,"[34, 31, 28, 24, 24, 29, 33, 34, 35, 37]",,9,,,,,8,,,,,,05d2441f8ddda2f0cad411678c173e927dcf4da8428e77807ba95a2d67eb64e4,,,,2026-09-13T14:14:46.035Z
node-8.jsonl,RECEIVE_STATE,,65,,63,,False,,82,78,,N09-M0015,,,2,8,,65,81,"[34, 31, 28, 24, 24, 29, 33, 34, 35, 37]",,,,9,,05d2441f8ddda2f0cad411678c173e927dcf4da8428e77807ba95a2d67eb64e4,,,"[34, 31, 28, 24, 24, 29, 33, 34, 36, 37]","[30, 31, 28, 24, 24, 29, 33, 34, 35, 32]",2026-09-13T14:14:46.047Z
node-9.jsonl,SEND_STATE,,,65,,,,,,,,N09-M0016,82,"[34, 31, 28, 24, 24, 29, 33, 34, 35, 38]",,9,,,,,0,,,,,,05d2441f8ddda2f0cad411678c173e927dcf4da8428e77807ba95a2d67eb64e4,,,,2026-09-13T14:14:46.049Z
node-0.jsonl,RECEIVE_STATE,,70,,61,,False,,84,83,,N09-M0016,,,4,0,,65,82,"[34, 31, 28, 24, 24, 29, 33, 34, 35, 38]",,,,9,,51d6b713f4281f4d2d530fec0ef8aceb8416c2cb8c516bc9a5da078e68402b08,,,"[37, 38, 36, 30, 28, 29, 33, 34, 35, 38]","[36, 38, 36, 30, 28, 28, 28, 29, 30, 33]",2026-09-13T14:14:46.052Z
node-5.jsonl,LOCAL_SCHEDULE,,67,,,"{""creator_node"": 5, ""end_time"": ""18:40"", ""event_id"": ""N05-E08"", ""event_number"": 8, ""lamport_timestamp"": 84, ""simulation_date"": ""2030-10-01"", ""start_time"": ""18:20"", ""title"": ""Node 5 Event 8"", ""vector_timestamp"": [26, 32, 33, 31, 34, 37, 37, 33, 29, 27]}",,,84,,,,,,,5,,,,,,,49,,,b909c180bd18d9ba1f080ef462df462ad7ed09a06bdcbfa967ea7c3f483140fd,,,"[26, 32, 33, 31, 34, 37, 37, 33, 29, 27]",,2026-09-13T14:15:01.255Z
node-5.jsonl,SEND_STATE,,,67,,,,,,,,N05-M0015,85,"[26, 32, 33, 31, 34, 38, 37, 33, 29, 27]",,5,,,,,4,,,,,,b909c180bd18d9ba1f080ef462df462ad7ed09a06bdcbfa967ea7c3f483140fd,,,,2026-09-13T14:15:01.257Z
node-4.jsonl,RECEIVE_STATE,,67,,62,,False,,86,81,,N05-M0015,,,5,4,,67,85,"[26, 32, 33, 31, 34, 38, 37, 33, 29, 27]",,,,5,,b909c180bd18d9ba1f080ef462df462ad7ed09a06bdcbfa967ea7c3f483140fd,,,"[26, 32, 33, 31, 35, 38, 37, 33, 29, 27]","[26, 32, 33, 31, 34, 33, 32, 28, 23, 24]",2026-09-13T14:15:01.263Z
node-5.jsonl,SEND_STATE,,,67,,,,,,,,N05-M0016,86,"[26, 32, 33, 31, 34, 39, 37, 33, 29, 27]",,5,,,,,6,,,,,,b909c180bd18d9ba1f080ef462df462ad7ed09a06bdcbfa967ea7c3f483140fd,,,,2026-09-13T14:15:01.266Z
node-6.jsonl,RECEIVE_STATE,,67,,61,,False,,87,77,,N05-M0016,,,6,6,,67,86,"[26, 32, 33, 31, 34, 39, 37, 33, 29, 27]",,,,5,,b909c180bd18d9ba1f080ef462df462ad7ed09a06bdcbfa967ea7c3f483140fd,,,"[26, 32, 33, 31, 34, 39, 39, 33, 29, 27]","[25, 26, 25, 25, 29, 34, 38, 33, 29, 27]",2026-09-13T14:15:01.269Z
node-1.jsonl,LOCAL_SCHEDULE,,67,,,"{""creator_node"": 1, ""end_time"": ""22:40"", ""event_id"": ""N01-E09"", ""event_number"": 9, ""lamport_timestamp"": 84, ""simulation_date"": ""2030-10-01"", ""start_time"": ""22:20"", ""title"": ""Node 1 Event 9"", ""vector_timestamp"": [35, 40, 36, 30, 28, 28, 28, 29, 30, 33]}",,,84,,,,,,,1,,,,,,,33,,,b9212bbf1b3f0f3f2003f7a4c4bb024e654acc50840411c5c3061e1bac590896,,,"[35, 40, 36, 30, 28, 28, 28, 29, 30, 33]",,2026-09-13T14:15:11.690Z
node-1.jsonl,SEND_STATE,,,67,,,,,,,,N01-M0017,85,"[35, 41, 36, 30, 28, 28, 28, 29, 30, 33]",,1,,,,,0,,,,,,b9212bbf1b3f0f3f2003f7a4c4bb024e654acc50840411c5c3061e1bac590896,,,,2026-09-13T14:15:11.694Z
node-0.jsonl,RECEIVE_STATE,,71,,66,,False,,86,84,,N01-M0017,,,1,0,,67,85,"[35, 41, 36, 30, 28, 28, 28, 29, 30, 33]",,,,1,,acaf2bf2b52d472f52483927a53077424bf02e20a14a01827bae94d3b5f6455f,,,"[38, 41, 36, 30, 28, 29, 33, 34, 35, 38]","[37, 38, 36, 30, 28, 29, 33, 34, 35, 38]",2026-09-13T14:15:11.698Z
node-1.jsonl,SEND_STATE,,,67,,,,,,,,N01-M0018,86,"[35, 42, 36, 30, 28, 28, 28, 29, 30, 33]",,1,,,,,2,,,,,,b9212bbf1b3f0f3f2003f7a4c4bb024e654acc50840411c5c3061e1bac590896,,,,2026-09-13T14:15:11.701Z
node-2.jsonl,RECEIVE_STATE,,67,,66,,False,,87,84,,N01-M0018,,,1,2,,67,86,"[35, 42, 36, 30, 28, 28, 28, 29, 30, 33]",,,,1,,b9212bbf1b3f0f3f2003f7a4c4bb024e654acc50840411c5c3061e1bac590896,,,"[35, 42, 39, 30, 28, 28, 28, 29, 30, 33]","[35, 39, 38, 30, 28, 28, 28, 29, 30, 33]",2026-09-13T14:15:11.706Z
node-0.jsonl,LOCAL_SCHEDULE,,72,,,"{""creator_node"": 0, ""end_time"": ""22:40"", ""event_id"": ""N00-E08"", ""event_number"": 8, ""lamport_timestamp"": 87, ""simulation_date"": ""2030-10-01"", ""start_time"": ""22:20"", ""title"": ""Node 0 Event 8"", ""vector_timestamp"": [39, 41, 36, 30, 28, 29, 33, 34, 35, 38]}",,,87,,,,,,,0,,,,,,,75,,,c417dfbb9111161d81a624d68588549b2ec1b03f844e171d48fa89ada5b728d8,,,"[39, 41, 36, 30, 28, 29, 33, 34, 35, 38]",,2026-09-13T14:15:15.431Z
node-0.jsonl,SEND_STATE,,,72,,,,,,,,N00-M0015,88,"[40, 41, 36, 30, 28, 29, 33, 34, 35, 38]",,0,,,,,9,,,,,,c417dfbb9111161d81a624d68588549b2ec1b03f844e171d48fa89ada5b728d8,,,,2026-09-13T14:15:15.438Z
node-9.jsonl,RECEIVE_STATE,,72,,65,,False,,89,82,,N00-M0015,,,7,9,,72,88,"[40, 41, 36, 30, 28, 29, 33, 34, 35, 38]",,,,0,,c417dfbb9111161d81a624d68588549b2ec1b03f844e171d48fa89ada5b728d8,,,"[40, 41, 36, 30, 28, 29, 33, 34, 35, 39]","[34, 31, 28, 24, 24, 29, 33, 34, 35, 38]",2026-09-13T14:15:15.445Z
node-0.jsonl,SEND_STATE,,,72,,,,,,,,N00-M0016,89,"[41, 41, 36, 30, 28, 29, 33, 34, 35, 38]",,0,,,,,1,,,,,,c417dfbb9111161d81a624d68588549b2ec1b03f844e171d48fa89ada5b728d8,,,,2026-09-13T14:15:15.447Z
node-1.jsonl,RECEIVE_STATE,,72,,67,,False,,90,86,,N00-M0016,,,5,1,,72,89,"[41, 41, 36, 30, 28, 29, 33, 34, 35, 38]",,,,0,,c417dfbb9111161d81a624d68588549b2ec1b03f844e171d48fa89ada5b728d8,,,"[41, 43, 36, 30, 28, 29, 33, 34, 35, 38]","[35, 42, 36, 30, 28, 28, 28, 29, 30, 33]",2026-09-13T14:15:15.451Z
node-3.jsonl,LOCAL_SCHEDULE,,64,,,"{""creator_node"": 3, ""end_time"": ""20:00"", ""event_id"": ""N03-E07"", ""event_number"": 7, ""lamport_timestamp"": 82, ""simulation_date"": ""2030-10-01"", ""start_time"": ""19:40"", ""title"": ""Node 3 Event 7"", ""vector_timestamp"": [26, 32, 37, 34, 33, 33, 32, 28, 23, 24]}",,,82,,,,,,,3,,,,,,,76,,,3ec7b1ac254b4c5130eaa9af844039f54407d10e8543d10f78235009064c3ade,,,"[26, 32, 37, 34, 33, 33, 32, 28, 23, 24]",,2026-09-13T14:15:18.661Z
node-3.jsonl,SEND_STATE,,,64,,,,,,,,N03-M0013,83,"[26, 32, 37, 35, 33, 33, 32, 28, 23, 24]",,3,,,,,2,,,,,,3ec7b1ac254b4c5130eaa9af844039f54407d10e8543d10f78235009064c3ade,,,,2026-09-13T14:15:18.663Z
node-2.jsonl,RECEIVE_STATE,,71,,60,,False,,88,87,,N03-M0013,,,4,2,,64,83,"[26, 32, 37, 35, 33, 33, 32, 28, 23, 24]",,,,3,,92bcac6b1248e881db7c1e47b4d6df1bdda5cfd5fa14d50ae4466cd75b8c0cf3,,,"[35, 42, 40, 35, 33, 33, 32, 29, 30, 33]","[35, 42, 39, 30, 28, 28, 28, 29, 30, 33]",2026-09-13T14:15:18.667Z
node-3.jsonl,SEND_STATE,,,64,,,,,,,,N03-M0014,84,"[26, 32, 37, 36, 33, 33, 32, 28, 23, 24]",,3,,,,,4,,,,,,3ec7b1ac254b4c5130eaa9af844039f54407d10e8543d10f78235009064c3ade,,,,2026-09-13T14:15:18.668Z
node-4.jsonl,RECEIVE_STATE,,69,,62,,False,,87,86,,N03-M0014,,,2,4,,64,84,"[26, 32, 37, 36, 33, 33, 32, 28, 23, 24]",,,,3,,c9d686d0c5ceafe6b96e955b5f0d4cf10bc0bd2d53eb140c76610e5b0cb45cec,,,"[26, 32, 37, 36, 36, 38, 37, 33, 29, 27]","[26, 32, 33, 31, 35, 38, 37, 33, 29, 27]",2026-09-13T14:15:18.671Z
node-8.jsonl,LOCAL_SCHEDULE,,66,,,"{""creator_node"": 8, ""end_time"": ""19:20"", ""event_id"": ""N08-E08"", ""event_number"": 8, ""lamport_timestamp"": 83, ""simulation_date"": ""2030-10-01"", ""start_time"": ""19:00"", ""title"": ""Node 8 Event 8"", ""vector_timestamp"": [34, 31, 28, 24, 24, 29, 33, 34, 37, 37]}",,,83,,,,,,,8,,,,,,,50,,,36f4b910a6e882dea42e04cecaa8b7217701a91af868b0ce8a46b5492ac8d717,,,"[34, 31, 28, 24, 24, 29, 33, 34, 37, 37]",,2026-09-13T14:15:22.862Z
node-8.jsonl,SEND_STATE,,,66,,,,,,,,N08-M0015,84,"[34, 31, 28, 24, 24, 29, 33, 34, 38, 37]",,8,,,,,7,,,,,,36f4b910a6e882dea42e04cecaa8b7217701a91af868b0ce8a46b5492ac8d717,,,,2026-09-13T14:15:22.865Z
node-7.jsonl,RECEIVE_STATE,,69,,63,,False,,85,79,,N08-M0015,,,3,7,,66,84,"[34, 31, 28, 24, 24, 29, 33, 34, 38, 37]",,,,8,,839845b7c43eb0b86265998085e55f3fb4b33382cb4b6c67ed5a56d7a02a21fa,,,"[34, 31, 28, 25, 29, 34, 38, 37, 38, 37]","[30, 31, 28, 25, 29, 34, 38, 36, 34, 32]",2026-09-13T14:15:22.869Z
node-8.jsonl,SEND_STATE,,,66,,,,,,,,N08-M0016,85,"[34, 31, 28, 24, 24, 29, 33, 34, 39, 37]",,8,,,,,9,,,,,,36f4b910a6e882dea42e04cecaa8b7217701a91af868b0ce8a46b5492ac8d717,,,,2026-09-13T14:15:22.872Z
node-9.jsonl,RECEIVE_STATE,,73,,65,,False,,90,89,,N08-M0016,,,1,9,,66,85,"[34, 31, 28, 24, 24, 29, 33, 34, 39, 37]",,,,8,,f447a985a320b88aa85da3b37aadeea687c6e09228dd0a5602c13b5eb4c6c045,,,"[40, 41, 36, 30, 28, 29, 33, 34, 39, 40]","[40, 41, 36, 30, 28, 29, 33, 34, 35, 39]",2026-09-13T14:15:22.876Z
node-4.jsonl,LOCAL_SCHEDULE,,70,,,"{""creator_node"": 4, ""end_time"": ""13:20"", ""event_id"": ""N04-E08"", ""event_number"": 8, ""lamport_timestamp"": 88, ""simulation_date"": ""2030-10-01"", ""start_time"": ""13:00"", ""title"": ""Node 4 Event 8"", ""vector_timestamp"": [26, 32, 37, 36, 37, 38, 37, 33, 29, 27]}",,,88,,,,,,,4,,,,,,,58,,,863ce57e6df4049fe18aa9c66e0a962018187825424fc5394f548a8a59d89ea1,,,"[26, 32, 37, 36, 37, 38, 37, 33, 29, 27]",,2026-09-13T14:15:30.497Z
node-4.jsonl,SEND_STATE,,,70,,,,,,,,N04-M0015,89,"[26, 32, 37, 36, 38, 38, 37, 33, 29, 27]",,4,,,,,3,,,,,,863ce57e6df4049fe18aa9c66e0a962018187825424fc5394f548a8a59d89ea1,,,,2026-09-13T14:15:30.499Z
node-3.jsonl,RECEIVE_STATE,,70,,64,,False,,90,84,,N04-M0015,,,6,3,,70,89,"[26, 32, 37, 36, 38, 38, 37, 33, 29, 27]",,,,4,,863ce57e6df4049fe18aa9c66e0a962018187825424fc5394f548a8a59d89ea1,,,"[26, 32, 37, 37, 38, 38, 37, 33, 29, 27]","[26, 32, 37, 36, 33, 33, 32, 28, 23, 24]",2026-09-13T14:15:30.502Z
node-4.jsonl,SEND_STATE,,,70,,,,,,,,N04-M0016,90,"[26, 32, 37, 36, 39, 38, 37, 33, 29, 27]",,4,,,,,5,,,,,,863ce57e6df4049fe18aa9c66e0a962018187825424fc5394f548a8a59d89ea1,,,,2026-09-13T14:15:30.504Z
node-5.jsonl,RECEIVE_STATE,,70,,67,,False,,91,86,,N04-M0016,,,3,5,,70,90,"[26, 32, 37, 36, 39, 38, 37, 33, 29, 27]",,,,4,,863ce57e6df4049fe18aa9c66e0a962018187825424fc5394f548a8a59d89ea1,,,"[26, 32, 37, 36, 39, 40, 37, 33, 29, 27]","[26, 32, 33, 31, 34, 39, 37, 33, 29, 27]",2026-09-13T14:15:30.507Z
node-2.jsonl,LOCAL_SCHEDULE,,72,,,"{""creator_node"": 2, ""end_time"": ""21:40"", ""event_id"": ""N02-E09"", ""event_number"": 9, ""lamport_timestamp"": 89, ""simulation_date"": ""2030-10-01"", ""start_time"": ""21:20"", ""title"": ""Node 2 Event 9"", ""vector_timestamp"": [35, 42, 41, 35, 33, 33, 32, 29, 30, 33]}",,,89,,,,,,,2,,,,,,,67,,,c7e29d7fee6c75429bdfbef61137e79225ffd43153a21e381fd8ba0523ad4f52,,,"[35, 42, 41, 35, 33, 33, 32, 29, 30, 33]",,2026-09-13T14:15:35.472Z
node-2.jsonl,SEND_STATE,,,72,,,,,,,,N02-M0017,90,"[35, 42, 42, 35, 33, 33, 32, 29, 30, 33]",,2,,,,,1,,,,,,c7e29d7fee6c75429bdfbef61137e79225ffd43153a21e381fd8ba0523ad4f52,,,,2026-09-13T14:15:35.476Z
node-1.jsonl,RECEIVE_STATE,,76,,68,,False,,91,90,,N02-M0017,,,4,1,,72,90,"[35, 42, 42, 35, 33, 33, 32, 29, 30, 33]",,,,2,,4e95bcfb946d79603438a617f98b0923da821b2347655b837de814abcc1fba19,,,"[41, 44, 42, 35, 33, 33, 33, 34, 35, 38]","[41, 43, 36, 30, 28, 29, 33, 34, 35, 38]",2026-09-13T14:15:35.480Z
node-2.jsonl,SEND_STATE,,,72,,,,,,,,N02-M0018,91,"[35, 42, 43, 35, 33, 33, 32, 29, 30, 33]",,2,,,,,3,,,,,,c7e29d7fee6c75429bdfbef61137e79225ffd43153a21e381fd8ba0523ad4f52,,,,2026-09-13T14:15:35.482Z
node-3.jsonl,RECEIVE_STATE,,76,,66,,False,,92,90,,N02-M0018,,,6,3,,72,91,"[35, 42, 43, 35, 33, 33, 32, 29, 30, 33]",,,,2,,157de32b0146a3c150f1b0d31796913734e1cb710ded0b5656a0bdaa1fbb8101,,,"[35, 42, 43, 38, 38, 38, 37, 33, 30, 33]","[26, 32, 37, 37, 38, 38, 37, 33, 29, 27]",2026-09-13T14:15:35.485Z
node-7.jsonl,LOCAL_SCHEDULE,,70,,,"{""creator_node"": 7, ""end_time"": ""20:00"", ""event_id"": ""N07-E08"", ""event_number"": 8, ""lamport_timestamp"": 86, ""simulation_date"": ""2030-10-01"", ""start_time"": ""19:40"", ""title"": ""Node 7 Event 8"", ""vector_timestamp"": [34, 31, 28, 25, 29, 34, 38, 38, 38, 37]}",,,86,,,,,,,7,,,,,,,87,,,5de95bd0857af1764958da87f55211597540daf227f2e0f3dae5b8503c5d5833,,,"[34, 31, 28, 25, 29, 34, 38, 38, 38, 37]",,2026-09-13T14:15:44.018Z
node-7.jsonl,SEND_STATE,,,70,,,,,,,,N07-M0015,87,"[34, 31, 28, 25, 29, 34, 38, 39, 38, 37]",,7,,,,,6,,,,,,5de95bd0857af1764958da87f55211597540daf227f2e0f3dae5b8503c5d5833,,,,2026-09-13T14:15:44.021Z
node-6.jsonl,RECEIVE_STATE,,74,,63,,False,,88,87,,N07-M0015,,,7,6,,70,87,"[34, 31, 28, 25, 29, 34, 38, 39, 38, 37]",,,,7,,8808e65ea3a414991916d0951cb6af5394b2e8ff1c81ff9104614e4034e525e9,,,"[34, 32, 33, 31, 34, 39, 40, 39, 38, 37]","[26, 32, 33, 31, 34, 39, 39, 33, 29, 27]",2026-09-13T14:15:44.024Z
node-7.jsonl,SEND_STATE,,,70,,,,,,,,N07-M0016,88,"[34, 31, 28, 25, 29, 34, 38, 40, 38, 37]",,7,,,,,8,,,,,,5de95bd0857af1764958da87f55211597540daf227f2e0f3dae5b8503c5d5833,,,,2026-09-13T14:15:44.027Z
node-8.jsonl,RECEIVE_STATE,,70,,66,,False,,89,85,,N07-M0016,,,4,8,,70,88,"[34, 31, 28, 25, 29, 34, 38, 40, 38, 37]",,,,7,,5de95bd0857af1764958da87f55211597540daf227f2e0f3dae5b8503c5d5833,,,"[34, 31, 28, 25, 29, 34, 38, 40, 40, 37]","[34, 31, 28, 24, 24, 29, 33, 34, 39, 37]",2026-09-13T14:15:44.034Z
node-6.jsonl,LOCAL_SCHEDULE,,75,,,"{""creator_node"": 6, ""end_time"": ""21:00"", ""event_id"": ""N06-E09"", ""event_number"": 9, ""lamport_timestamp"": 89, ""simulation_date"": ""2030-10-01"", ""start_time"": ""20:40"", ""title"": ""Node 6 Event 9"", ""vector_timestamp"": [34, 32, 33, 31, 34, 39, 41, 39, 38, 37]}",,,89,,,,,,,6,,,,,,,70,,,2641237bc6a3b560dfa42353d55aa05a5fa2a8e464c6e617e8001a73f045115b,,,"[34, 32, 33, 31, 34, 39, 41, 39, 38, 37]",,2026-09-13T14:15:51.721Z
node-6.jsonl,SEND_STATE,,,75,,,,,,,,N06-M0017,90,"[34, 32, 33, 31, 34, 39, 42, 39, 38, 37]",,6,,,,,5,,,,,,2641237bc6a3b560dfa42353d55aa05a5fa2a8e464c6e617e8001a73f045115b,,,,2026-09-13T14:15:51.724Z
node-5.jsonl,RECEIVE_STATE,,78,,67,,False,,92,91,,N06-M0017,,,8,5,,75,90,"[34, 32, 33, 31, 34, 39, 42, 39, 38, 37]",,,,6,,c1ba883cb576ec9d4735f8af7d4e9e33e23ad23841b0faf9cd2ab068665fa396,,,"[34, 32, 37, 36, 39, 41, 42, 39, 38, 37]","[26, 32, 37, 36, 39, 40, 37, 33, 29, 27]",2026-09-13T14:15:51.729Z
node-6.jsonl,SEND_STATE,,,75,,,,,,,,N06-M0018,91,"[34, 32, 33, 31, 34, 39, 43, 39, 38, 37]",,6,,,,,7,,,,,,2641237bc6a3b560dfa42353d55aa05a5fa2a8e464c6e617e8001a73f045115b,,,,2026-09-13T14:15:51.731Z
node-7.jsonl,RECEIVE_STATE,,75,,70,,False,,92,88,,N06-M0018,,,5,7,,75,91,"[34, 32, 33, 31, 34, 39, 43, 39, 38, 37]",,,,6,,2641237bc6a3b560dfa42353d55aa05a5fa2a8e464c6e617e8001a73f045115b,,,"[34, 32, 33, 31, 34, 39, 43, 41, 38, 37]","[34, 31, 28, 25, 29, 34, 38, 40, 38, 37]",2026-09-13T14:15:51.734Z
node-4.jsonl,LOCAL_SCHEDULE,,71,,,"{""creator_node"": 4, ""end_time"": ""17:40"", ""event_id"": ""N04-E09"", ""event_number"": 9, ""lamport_timestamp"": 91, ""simulation_date"": ""2030-10-01"", ""start_time"": ""17:20"", ""title"": ""Node 4 Event 9"", ""vector_timestamp"": [26, 32, 37, 36, 40, 38, 37, 33, 29, 27]}",,,91,,,,,,,4,,,,,,,31,,,b20224e629bc9a788de88f2912030c2bc80b3836372ccd7e6fc9104d470ce61a,,,"[26, 32, 37, 36, 40, 38, 37, 33, 29, 27]",,2026-09-13T14:16:01.507Z
node-4.jsonl,SEND_STATE,,,71,,,,,,,,N04-M0017,92,"[26, 32, 37, 36, 41, 38, 37, 33, 29, 27]",,4,,,,,3,,,,,,b20224e629bc9a788de88f2912030c2bc80b3836372ccd7e6fc9104d470ce61a,,,,2026-09-13T14:16:01.511Z
node-3.jsonl,RECEIVE_STATE,,77,,70,,False,,93,92,,N04-M0017,,,1,3,,71,92,"[26, 32, 37, 36, 41, 38, 37, 33, 29, 27]",,,,4,,adef808157ca9dda0a2ac42f867800d97487896d260de653eac2591c1bb8e8eb,,,"[35, 42, 43, 39, 41, 38, 37, 33, 30, 33]","[35, 42, 43, 38, 38, 38, 37, 33, 30, 33]",2026-09-13T14:16:01.515Z
node-4.jsonl,SEND_STATE,,,71,,,,,,,,N04-M0018,93,"[26, 32, 37, 36, 42, 38, 37, 33, 29, 27]",,4,,,,,5,,,,,,b20224e629bc9a788de88f2912030c2bc80b3836372ccd7e6fc9104d470ce61a,,,,2026-09-13T14:16:01.522Z
node-5.jsonl,RECEIVE_STATE,,79,,70,,False,,94,92,,N04-M0018,,,1,5,,71,93,"[26, 32, 37, 36, 42, 38, 37, 33, 29, 27]",,,,4,,dc5142d5afa67973e8e0c82ce4b9532b7a9c75be6184c3a5917d3b0284616286,,,"[34, 32, 37, 36, 42, 42, 42, 39, 38, 37]","[34, 32, 37, 36, 39, 41, 42, 39, 38, 37]",2026-09-13T14:16:01.526Z
node-1.jsonl,LOCAL_SCHEDULE,,77,,,"{""creator_node"": 1, ""end_time"": ""18:00"", ""event_id"": ""N01-E10"", ""event_number"": 10, ""lamport_timestamp"": 92, ""simulation_date"": ""2030-10-01"", ""start_time"": ""17:40"", ""title"": ""Node 1 Event 10"", ""vector_timestamp"": [41, 45, 42, 35, 33, 33, 33, 34, 35, 38]}",,,92,,,,,,,1,,,,,,,50,,,ebea52494b403c8831ddec96d45a35b30b71795703e974595ee60d2852c543b5,,,"[41, 45, 42, 35, 33, 33, 33, 34, 35, 38]",,2026-09-13T14:16:01.705Z
node-1.jsonl,SEND_STATE,,,77,,,,,,,,N01-M0019,93,"[41, 46, 42, 35, 33, 33, 33, 34, 35, 38]",,1,,,,,0,,,,,,ebea52494b403c8831ddec96d45a35b30b71795703e974595ee60d2852c543b5,,,,2026-09-13T14:16:01.709Z
node-0.jsonl,RECEIVE_STATE,,77,,72,,False,,94,89,,N01-M0019,,,5,0,,77,93,"[41, 46, 42, 35, 33, 33, 33, 34, 35, 38]",,,,1,,ebea52494b403c8831ddec96d45a35b30b71795703e974595ee60d2852c543b5,,,"[42, 46, 42, 35, 33, 33, 33, 34, 35, 38]","[41, 41, 36, 30, 28, 29, 33, 34, 35, 38]",2026-09-13T14:16:01.713Z
node-1.jsonl,SEND_STATE,,,77,,,,,,,,N01-M0020,94,"[41, 47, 42, 35, 33, 33, 33, 34, 35, 38]",,1,,,,,2,,,,,,ebea52494b403c8831ddec96d45a35b30b71795703e974595ee60d2852c543b5,,,,2026-09-13T14:16:01.716Z
node-2.jsonl,RECEIVE_STATE,,77,,72,,False,,95,91,,N01-M0020,,,5,2,,77,94,"[41, 47, 42, 35, 33, 33, 33, 34, 35, 38]",,,,1,,ebea52494b403c8831ddec96d45a35b30b71795703e974595ee60d2852c543b5,,,"[41, 47, 44, 35, 33, 33, 33, 34, 35, 38]","[35, 42, 43, 35, 33, 33, 32, 29, 30, 33]",2026-09-13T14:16:01.719Z
node-1.jsonl,SCHEDULER_COMPLETE,77,,,,,,94,,,,,,,,1,,,,,,,,,ebea52494b403c8831ddec96d45a35b30b71795703e974595ee60d2852c543b5,,,"[41, 47, 42, 35, 33, 33, 33, 34, 35, 38]",,,2026-09-13T14:16:01.721Z
node-5.jsonl,LOCAL_SCHEDULE,,80,,,"{""creator_node"": 5, ""end_time"": ""22:20"", ""event_id"": ""N05-E09"", ""event_number"": 9, ""lamport_timestamp"": 95, ""simulation_date"": ""2030-10-01"", ""start_time"": ""22:00"", ""title"": ""Node 5 Event 9"", ""vector_timestamp"": [34, 32, 37, 36, 42, 43, 42, 39, 38, 37]}",,,95,,,,,,,5,,,,,,,62,,,1679ac15a18486c4aa5cdf63d1d43e9e52d30c8340dc660b2bc6a91aba575548,,,"[34, 32, 37, 36, 42, 43, 42, 39, 38, 37]",,2026-09-13T14:16:03.267Z
node-5.jsonl,SEND_STATE,,,80,,,,,,,,N05-M0017,96,"[34, 32, 37, 36, 42, 44, 42, 39, 38, 37]",,5,,,,,4,,,,,,1679ac15a18486c4aa5cdf63d1d43e9e52d30c8340dc660b2bc6a91aba575548,,,,2026-09-13T14:16:03.272Z
node-4.jsonl,RECEIVE_STATE,,80,,71,,False,,97,93,,N05-M0017,,,9,4,,80,96,"[34, 32, 37, 36, 42, 44, 42, 39, 38, 37]",,,,5,,1679ac15a18486c4aa5cdf63d1d43e9e52d30c8340dc660b2bc6a91aba575548,,,"[34, 32, 37, 36, 43, 44, 42, 39, 38, 37]","[26, 32, 37, 36, 42, 38, 37, 33, 29, 27]",2026-09-13T14:16:03.277Z
node-5.jsonl,SEND_STATE,,,80,,,,,,,,N05-M0018,97,"[34, 32, 37, 36, 42, 45, 42, 39, 38, 37]",,5,,,,,6,,,,,,1679ac15a18486c4aa5cdf63d1d43e9e52d30c8340dc660b2bc6a91aba575548,,,,2026-09-13T14:16:03.280Z
node-6.jsonl,RECEIVE_STATE,,80,,75,,False,,98,91,,N05-M0018,,,5,6,,80,97,"[34, 32, 37, 36, 42, 45, 42, 39, 38, 37]",,,,5,,1679ac15a18486c4aa5cdf63d1d43e9e52d30c8340dc660b2bc6a91aba575548,,,"[34, 32, 37, 36, 42, 45, 44, 39, 38, 37]","[34, 32, 33, 31, 34, 39, 43, 39, 38, 37]",2026-09-13T14:16:03.283Z
node-9.jsonl,LOCAL_SCHEDULE,,74,,,"{""creator_node"": 9, ""end_time"": ""20:40"", ""event_id"": ""N09-E09"", ""event_number"": 9, ""lamport_timestamp"": 91, ""simulation_date"": ""2030-10-01"", ""start_time"": ""20:20"", ""title"": ""Node 9 Event 9"", ""vector_timestamp"": [40, 41, 36, 30, 28, 29, 33, 34, 39, 41]}",,,91,,,,,,,9,,,,,,,86,,,3e6a36d29d78b7134894fc16d1005a8ad0ca8ff87b909162ede10b4659df5d88,,,"[40, 41, 36, 30, 28, 29, 33, 34, 39, 41]",,2026-09-13T14:16:12.048Z
node-9.jsonl,SEND_STATE,,,74,,,,,,,,N09-M0017,92,"[40, 41, 36, 30, 28, 29, 33, 34, 39, 42]",,9,,,,,8,,,,,,3e6a36d29d78b7134894fc16d1005a8ad0ca8ff87b909162ede10b4659df5d88,,,,2026-09-13T14:16:12.052Z
node-8.jsonl,RECEIVE_STATE,,77,,67,,False,,93,89,,N09-M0017,,,7,8,,74,92,"[40, 41, 36, 30, 28, 29, 33, 34, 39, 42]",,,,9,,1850a6265242b3bfa5997522e1441a97878f5f3345c905266e73c5c522bf60ee,,,"[40, 41, 36, 30, 29, 34, 38, 40, 41, 42]","[34, 31, 28, 25, 29, 34, 38, 40, 40, 37]",2026-09-13T14:16:12.055Z
node-9.jsonl,SEND_STATE,,,74,,,,,,,,N09-M0018,93,"[40, 41, 36, 30, 28, 29, 33, 34, 39, 43]",,9,,,,,0,,,,,,3e6a36d29d78b7134894fc16d1005a8ad0ca8ff87b909162ede10b4659df5d88,,,,2026-09-13T14:16:12.058Z
node-0.jsonl,RECEIVE_STATE,,79,,72,,False,,95,94,,N09-M0018,,,2,0,,74,93,"[40, 41, 36, 30, 28, 29, 33, 34, 39, 43]",,,,9,,76f05ce6404ebd36fa0649c9f98fddb337fc81a0efdf380857ac9c7c276f5549,,,"[43, 46, 42, 35, 33, 33, 33, 34, 39, 43]","[42, 46, 42, 35, 33, 33, 33, 34, 35, 38]",2026-09-13T14:16:12.062Z
node-3.jsonl,LOCAL_SCHEDULE,,78,,,"{""creator_node"": 3, ""end_time"": ""20:20"", ""event_id"": ""N03-E08"", ""event_number"": 8, ""lamport_timestamp"": 94, ""simulation_date"": ""2030-10-01"", ""start_time"": ""20:00"", ""title"": ""Node 3 Event 8"", ""vector_timestamp"": [35, 42, 43, 40, 41, 38, 37, 33, 30, 33]}",,,94,,,,,,,3,,,,,,,71,,,8ebe257a297a68bdc536852fde9d0bcd8a7b2680e53212e17c9f918f14e7e946,,,"[35, 42, 43, 40, 41, 38, 37, 33, 30, 33]",,2026-09-13T14:16:29.668Z
node-3.jsonl,SEND_STATE,,,78,,,,,,,,N03-M0015,95,"[35, 42, 43, 41, 41, 38, 37, 33, 30, 33]",,3,,,,,2,,,,,,8ebe257a297a68bdc536852fde9d0bcd8a7b2680e53212e17c9f918f14e7e946,,,,2026-09-13T14:16:29.672Z
node-2.jsonl,RECEIVE_STATE,,82,,73,,False,,96,95,,N03-M0015,,,5,2,,78,95,"[35, 42, 43, 41, 41, 38, 37, 33, 30, 33]",,,,3,,3b966d5521bfab370ab46c68be261c27a89f6c0ca304e9b70d3a4de9d79c76da,,,"[41, 47, 45, 41, 41, 38, 37, 34, 35, 38]","[41, 47, 44, 35, 33, 33, 33, 34, 35, 38]",2026-09-13T14:16:29.676Z
node-3.jsonl,SEND_STATE,,,78,,,,,,,,N03-M0016,96,"[35, 42, 43, 42, 41, 38, 37, 33, 30, 33]",,3,,,,,4,,,,,,8ebe257a297a68bdc536852fde9d0bcd8a7b2680e53212e17c9f918f14e7e946,,,,2026-09-13T14:16:29.678Z
node-4.jsonl,RECEIVE_STATE,,84,,74,,False,,98,97,,N03-M0016,,,4,4,,78,96,"[35, 42, 43, 42, 41, 38, 37, 33, 30, 33]",,,,3,,01c0fe0f0f338dd90b3c7e0c68eeba5a7f31b5344400bab021482514c1abe5e0,,,"[35, 42, 43, 42, 44, 44, 42, 39, 38, 37]","[34, 32, 37, 36, 43, 44, 42, 39, 38, 37]",2026-09-13T14:16:29.682Z
node-8.jsonl,LOCAL_SCHEDULE,,78,,,"{""creator_node"": 8, ""end_time"": ""23:00"", ""event_id"": ""N08-E09"", ""event_number"": 9, ""lamport_timestamp"": 94, ""simulation_date"": ""2030-10-01"", ""start_time"": ""22:40"", ""title"": ""Node 8 Event 9"", ""vector_timestamp"": [40, 41, 36, 30, 29, 34, 38, 40, 42, 42]}",,,94,,,,,,,8,,,,,,,67,,,90e3b634355b4928d2287959c9c89a653cf26814fa6a77a6a30bbb17bffbb960,,,"[40, 41, 36, 30, 29, 34, 38, 40, 42, 42]",,2026-09-13T14:16:29.876Z
node-8.jsonl,SEND_STATE,,,78,,,,,,,,N08-M0017,95,"[40, 41, 36, 30, 29, 34, 38, 40, 43, 42]",,8,,,,,7,,,,,,90e3b634355b4928d2287959c9c89a653cf26814fa6a77a6a30bbb17bffbb960,,,,2026-09-13T14:16:29.880Z
node-7.jsonl,RECEIVE_STATE,,81,,72,,False,,96,92,,N08-M0017,,,6,7,,78,95,"[40, 41, 36, 30, 29, 34, 38, 40, 43, 42]",,,,8,,19a47e1c12c03b23749148be7660ada7305f8ed7e262e54e91c7470af76d5f9a,,,"[40, 41, 36, 31, 34, 39, 43, 42, 43, 42]","[34, 32, 33, 31, 34, 39, 43, 41, 38, 37]",2026-09-13T14:16:29.884Z
node-8.jsonl,SEND_STATE,,,78,,,,,,,,N08-M0018,96,"[40, 41, 36, 30, 29, 34, 38, 40, 44, 42]",,8,,,,,9,,,,,,90e3b634355b4928d2287959c9c89a653cf26814fa6a77a6a30bbb17bffbb960,,,,2026-09-13T14:16:29.886Z
node-9.jsonl,RECEIVE_STATE,,78,,74,,False,,97,93,,N08-M0018,,,4,9,,78,96,"[40, 41, 36, 30, 29, 34, 38, 40, 44, 42]",,,,8,,90e3b634355b4928d2287959c9c89a653cf26814fa6a77a6a30bbb17bffbb960,,,"[40, 41, 36, 30, 29, 34, 38, 40, 44, 44]","[40, 41, 36, 30, 28, 29, 33, 34, 39, 43]",2026-09-13T14:16:29.890Z
node-2.jsonl,LOCAL_SCHEDULE,,83,,,"{""creator_node"": 2, ""end_time"": ""17:40"", ""event_id"": ""N02-E10"", ""event_number"": 10, ""lamport_timestamp"": 97, ""simulation_date"": ""2030-10-01"", ""start_time"": ""17:20"", ""title"": ""Node 2 Event 10"", ""vector_timestamp"": [41, 47, 46, 41, 41, 38, 37, 34, 35, 38]}",,,97,,,,,,,2,,,,,,,56,,,e561b27adcd27be02d601f66c6ce34599dcf6702f94bb6673b33ba190d7b0c3c,,,"[41, 47, 46, 41, 41, 38, 37, 34, 35, 38]",,2026-09-13T14:16:31.486Z
node-2.jsonl,SEND_STATE,,,83,,,,,,,,N02-M0019,98,"[41, 47, 47, 41, 41, 38, 37, 34, 35, 38]",,2,,,,,1,,,,,,e561b27adcd27be02d601f66c6ce34599dcf6702f94bb6673b33ba190d7b0c3c,,,,2026-09-13T14:16:31.488Z
node-1.jsonl,RECEIVE_STATE,,83,,77,,False,,99,94,,N02-M0019,,,6,1,,83,98,"[41, 47, 47, 41, 41, 38, 37, 34, 35, 38]",,,,2,,e561b27adcd27be02d601f66c6ce34599dcf6702f94bb6673b33ba190d7b0c3c,,,"[41, 48, 47, 41, 41, 38, 37, 34, 35, 38]","[41, 47, 42, 35, 33, 33, 33, 34, 35, 38]",2026-09-13T14:16:31.491Z
node-2.jsonl,SEND_STATE,,,83,,,,,,,,N02-M0020,99,"[41, 47, 48, 41, 41, 38, 37, 34, 35, 38]",,2,,,,,3,,,,,,e561b27adcd27be02d601f66c6ce34599dcf6702f94bb6673b33ba190d7b0c3c,,,,2026-09-13T14:16:31.493Z
node-3.jsonl,RECEIVE_STATE,,83,,78,,False,,100,96,,N02-M0020,,,5,3,,83,99,"[41, 47, 48, 41, 41, 38, 37, 34, 35, 38]",,,,2,,e561b27adcd27be02d601f66c6ce34599dcf6702f94bb6673b33ba190d7b0c3c,,,"[41, 47, 48, 43, 41, 38, 37, 34, 35, 38]","[35, 42, 43, 42, 41, 38, 37, 33, 30, 33]",2026-09-13T14:16:31.497Z
node-2.jsonl,SCHEDULER_COMPLETE,83,,,,,,99,,,,,,,,2,,,,,,,,,e561b27adcd27be02d601f66c6ce34599dcf6702f94bb6673b33ba190d7b0c3c,,,"[41, 47, 48, 41, 41, 38, 37, 34, 35, 38]",,,2026-09-13T14:16:31.498Z
node-0.jsonl,LOCAL_SCHEDULE,,80,,,"{""creator_node"": 0, ""end_time"": ""18:20"", ""event_id"": ""N00-E09"", ""event_number"": 9, ""lamport_timestamp"": 96, ""simulation_date"": ""2030-10-01"", ""start_time"": ""18:00"", ""title"": ""Node 0 Event 9"", ""vector_timestamp"": [44, 46, 42, 35, 33, 33, 33, 34, 39, 43]}",,,96,,,,,,,0,,,,,,,90,,,a26fc2ffcffd15d73c0774c9e92c9a0094d1742bf4253385215bf675a61ff532,,,"[44, 46, 42, 35, 33, 33, 33, 34, 39, 43]",,2026-09-13T14:16:45.448Z
node-0.jsonl,SEND_STATE,,,80,,,,,,,,N00-M0017,97,"[45, 46, 42, 35, 33, 33, 33, 34, 39, 43]",,0,,,,,9,,,,,,a26fc2ffcffd15d73c0774c9e92c9a0094d1742bf4253385215bf675a61ff532,,,,2026-09-13T14:16:45.456Z
node-9.jsonl,RECEIVE_STATE,,83,,75,,False,,98,97,,N00-M0017,,,5,9,,80,97,"[45, 46, 42, 35, 33, 33, 33, 34, 39, 43]",,,,0,,6319db88e3adf287ab325d97b55256cd06ea4b1910ecf19939ae2e138857505b,,,"[45, 46, 42, 35, 33, 34, 38, 40, 44, 45]","[40, 41, 36, 30, 29, 34, 38, 40, 44, 44]",2026-09-13T14:16:45.467Z
node-0.jsonl,SEND_STATE,,,80,,,,,,,,N00-M0018,98,"[46, 46, 42, 35, 33, 33, 33, 34, 39, 43]",,0,,,,,1,,,,,,a26fc2ffcffd15d73c0774c9e92c9a0094d1742bf4253385215bf675a61ff532,,,,2026-09-13T14:16:45.470Z
node-1.jsonl,RECEIVE_STATE,,86,,77,,False,,100,99,,N00-M0018,,,3,1,,80,98,"[46, 46, 42, 35, 33, 33, 33, 34, 39, 43]",,,,0,,6514772ae3e0c5dd3ccfbabbd49e9eeb335ba117afa37e4e44b0a784f7c24fab,,,"[46, 49, 47, 41, 41, 38, 37, 34, 39, 43]","[41, 48, 47, 41, 41, 38, 37, 34, 35, 38]",2026-09-13T14:16:45.474Z
node-7.jsonl,LOCAL_SCHEDULE,,82,,,"{""creator_node"": 7, ""end_time"": ""15:40"", ""event_id"": ""N07-E09"", ""event_number"": 9, ""lamport_timestamp"": 97, ""simulation_date"": ""2030-10-01"", ""start_time"": ""15:20"", ""title"": ""Node 7 Event 9"", ""vector_timestamp"": [40, 41, 36, 31, 34, 39, 43, 43, 43, 42]}",,,97,,,,,,,7,,,,,,,71,,,da0b5126640b6028c8727af5343396515046c3126dbdadfb5408493e89598900,,,"[40, 41, 36, 31, 34, 39, 43, 43, 43, 42]",,2026-09-13T14:16:55.034Z
node-7.jsonl,SEND_STATE,,,82,,,,,,,,N07-M0017,98,"[40, 41, 36, 31, 34, 39, 43, 44, 43, 42]",,7,,,,,6,,,,,,da0b5126640b6028c8727af5343396515046c3126dbdadfb5408493e89598900,,,,2026-09-13T14:16:55.037Z
node-6.jsonl,RECEIVE_STATE,,86,,76,,False,,99,98,,N07-M0017,,,6,6,,82,98,"[40, 41, 36, 31, 34, 39, 43, 44, 43, 42]",,,,7,,27ce0694c9ba6a2128fed3fbd03caa2d17788939e3b0f2e9bcd8f94a05985dac,,,"[40, 41, 37, 36, 42, 45, 45, 44, 43, 42]","[34, 32, 37, 36, 42, 45, 44, 39, 38, 37]",2026-09-13T14:16:55.041Z
node-7.jsonl,SEND_STATE,,,82,,,,,,,,N07-M0018,99,"[40, 41, 36, 31, 34, 39, 43, 45, 43, 42]",,7,,,,,8,,,,,,da0b5126640b6028c8727af5343396515046c3126dbdadfb5408493e89598900,,,,2026-09-13T14:16:55.044Z
node-8.jsonl,RECEIVE_STATE,,82,,78,,False,,100,96,,N07-M0018,,,4,8,,82,99,"[40, 41, 36, 31, 34, 39, 43, 45, 43, 42]",,,,7,,da0b5126640b6028c8727af5343396515046c3126dbdadfb5408493e89598900,,,"[40, 41, 36, 31, 34, 39, 43, 45, 45, 42]","[40, 41, 36, 30, 29, 34, 38, 40, 44, 42]",2026-09-13T14:16:55.047Z
node-4.jsonl,LOCAL_SCHEDULE,,85,,,"{""creator_node"": 4, ""end_time"": ""14:40"", ""event_id"": ""N04-E10"", ""event_number"": 10, ""lamport_timestamp"": 99, ""simulation_date"": ""2030-10-01"", ""start_time"": ""14:20"", ""title"": ""Node 4 Event 10"", ""vector_timestamp"": [35, 42, 43, 42, 45, 44, 42, 39, 38, 37]}",,,99,,,,,,,4,,,,,,,56,,,70a1a56bdd31cfd0c988494e5c8fc9eb20b1ac6ca0cc1bd481ccd7d865831f65,,,"[35, 42, 43, 42, 45, 44, 42, 39, 38, 37]",,2026-09-13T14:16:57.528Z
node-4.jsonl,SEND_STATE,,,85,,,,,,,,N04-M0019,100,"[35, 42, 43, 42, 46, 44, 42, 39, 38, 37]",,4,,,,,3,,,,,,70a1a56bdd31cfd0c988494e5c8fc9eb20b1ac6ca0cc1bd481ccd7d865831f65,,,,2026-09-13T14:16:57.532Z
node-3.jsonl,RECEIVE_STATE,,88,,80,,False,,101,100,,N04-M0019,,,5,3,,85,100,"[35, 42, 43, 42, 46, 44, 42, 39, 38, 37]",,,,4,,a34c101eb85c6a92439e55e728c98c489536844d33d5897072da023ab080e61f,,,"[41, 47, 48, 44, 46, 44, 42, 39, 38, 38]","[41, 47, 48, 43, 41, 38, 37, 34, 35, 38]",2026-09-13T14:16:57.536Z
node-4.jsonl,SEND_STATE,,,85,,,,,,,,N04-M0020,101,"[35, 42, 43, 42, 47, 44, 42, 39, 38, 37]",,4,,,,,5,,,,,,70a1a56bdd31cfd0c988494e5c8fc9eb20b1ac6ca0cc1bd481ccd7d865831f65,,,,2026-09-13T14:16:57.538Z
node-5.jsonl,RECEIVE_STATE,,85,,80,,False,,102,97,,N04-M0020,,,5,5,,85,101,"[35, 42, 43, 42, 47, 44, 42, 39, 38, 37]",,,,4,,70a1a56bdd31cfd0c988494e5c8fc9eb20b1ac6ca0cc1bd481ccd7d865831f65,,,"[35, 42, 43, 42, 47, 46, 42, 39, 38, 37]","[34, 32, 37, 36, 42, 45, 42, 39, 38, 37]",2026-09-13T14:16:57.542Z
node-4.jsonl,SCHEDULER_COMPLETE,85,,,,,,101,,,,,,,,4,,,,,,,,,70a1a56bdd31cfd0c988494e5c8fc9eb20b1ac6ca0cc1bd481ccd7d865831f65,,,"[35, 42, 43, 42, 47, 44, 42, 39, 38, 37]",,,2026-09-13T14:16:57.544Z
node-6.jsonl,LOCAL_SCHEDULE,,87,,,"{""creator_node"": 6, ""end_time"": ""19:40"", ""event_id"": ""N06-E10"", ""event_number"": 10, ""lamport_timestamp"": 100, ""simulation_date"": ""2030-10-01"", ""start_time"": ""19:20"", ""title"": ""Node 6 Event 10"", ""vector_timestamp"": [40, 41, 37, 36, 42, 45, 46, 44, 43, 42]}",,,100,,,,,,,6,,,,,,,68,,,e4b832f4048d557b3a84a31d9dc5c08a3dc4d228d64677a52fe0e7900e537297,,,"[40, 41, 37, 36, 42, 45, 46, 44, 43, 42]",,2026-09-13T14:16:59.733Z
node-6.jsonl,SEND_STATE,,,87,,,,,,,,N06-M0019,101,"[40, 41, 37, 36, 42, 45, 47, 44, 43, 42]",,6,,,,,5,,,,,,e4b832f4048d557b3a84a31d9dc5c08a3dc4d228d64677a52fe0e7900e537297,,,,2026-09-13T14:16:59.739Z
node-5.jsonl,RECEIVE_STATE,,90,,82,,False,,103,102,,N06-M0019,,,5,5,,87,101,"[40, 41, 37, 36, 42, 45, 47, 44, 43, 42]",,,,6,,341bb803b668fd215cca6340dfca6d0e3a1f303c8fc96d5e8a80c9685eafcef8,,,"[40, 42, 43, 42, 47, 47, 47, 44, 43, 42]","[35, 42, 43, 42, 47, 46, 42, 39, 38, 37]",2026-09-13T14:16:59.743Z
node-6.jsonl,SEND_STATE,,,87,,,,,,,,N06-M0020,102,"[40, 41, 37, 36, 42, 45, 48, 44, 43, 42]",,6,,,,,7,,,,,,e4b832f4048d557b3a84a31d9dc5c08a3dc4d228d64677a52fe0e7900e537297,,,,2026-09-13T14:16:59.746Z
node-7.jsonl,RECEIVE_STATE,,87,,82,,False,,103,99,,N06-M0020,,,5,7,,87,102,"[40, 41, 37, 36, 42, 45, 48, 44, 43, 42]",,,,6,,e4b832f4048d557b3a84a31d9dc5c08a3dc4d228d64677a52fe0e7900e537297,,,"[40, 41, 37, 36, 42, 45, 48, 46, 43, 42]","[40, 41, 36, 31, 34, 39, 43, 45, 43, 42]",2026-09-13T14:16:59.750Z
node-6.jsonl,SCHEDULER_COMPLETE,87,,,,,,102,,,,,,,,6,,,,,,,,,e4b832f4048d557b3a84a31d9dc5c08a3dc4d228d64677a52fe0e7900e537297,,,"[40, 41, 37, 36, 42, 45, 48, 44, 43, 42]",,,2026-09-13T14:16:59.751Z
node-9.jsonl,LOCAL_SCHEDULE,,84,,,"{""creator_node"": 9, ""end_time"": ""19:20"", ""event_id"": ""N09-E10"", ""event_number"": 10, ""lamport_timestamp"": 99, ""simulation_date"": ""2030-10-01"", ""start_time"": ""19:00"", ""title"": ""Node 9 Event 10"", ""vector_timestamp"": [45, 46, 42, 35, 33, 34, 38, 40, 44, 46]}",,,99,,,,,,,9,,,,,,,58,,,40c9be51f11ce5334ad46eff4161314c60ecf6f65691828894149570d2815c9d,,,"[45, 46, 42, 35, 33, 34, 38, 40, 44, 46]",,2026-09-13T14:17:10.062Z
node-9.jsonl,SEND_STATE,,,84,,,,,,,,N09-M0019,100,"[45, 46, 42, 35, 33, 34, 38, 40, 44, 47]",,9,,,,,8,,,,,,40c9be51f11ce5334ad46eff4161314c60ecf6f65691828894149570d2815c9d,,,,2026-09-13T14:17:10.065Z
node-8.jsonl,RECEIVE_STATE,,87,,79,,False,,101,100,,N09-M0019,,,5,8,,84,100,"[45, 46, 42, 35, 33, 34, 38, 40, 44, 47]",,,,9,,857eddb53ac61be873546636c877331235a4263358bbfe8ca7d6cc75df4a2fcd,,,"[45, 46, 42, 35, 34, 39, 43, 45, 46, 47]","[40, 41, 36, 31, 34, 39, 43, 45, 45, 42]",2026-09-13T14:17:10.069Z
node-9.jsonl,SEND_STATE,,,84,,,,,,,,N09-M0020,101,"[45, 46, 42, 35, 33, 34, 38, 40, 44, 48]",,9,,,,,0,,,,,,40c9be51f11ce5334ad46eff4161314c60ecf6f65691828894149570d2815c9d,,,,2026-09-13T14:17:10.072Z
node-0.jsonl,RECEIVE_STATE,,84,,80,,False,,102,98,,N09-M0020,,,4,0,,84,101,"[45, 46, 42, 35, 33, 34, 38, 40, 44, 48]",,,,9,,40c9be51f11ce5334ad46eff4161314c60ecf6f65691828894149570d2815c9d,,,"[47, 46, 42, 35, 33, 34, 38, 40, 44, 48]","[46, 46, 42, 35, 33, 33, 33, 34, 39, 43]",2026-09-13T14:17:10.076Z
node-9.jsonl,SCHEDULER_COMPLETE,84,,,,,,101,,,,,,,,9,,,,,,,,,40c9be51f11ce5334ad46eff4161314c60ecf6f65691828894149570d2815c9d,,,"[45, 46, 42, 35, 33, 34, 38, 40, 44, 48]",,,2026-09-13T14:17:10.080Z
node-5.jsonl,LOCAL_SCHEDULE,,91,,,"{""creator_node"": 5, ""end_time"": ""22:00"", ""event_id"": ""N05-E10"", ""event_number"": 10, ""lamport_timestamp"": 104, ""simulation_date"": ""2030-10-01"", ""start_time"": ""21:40"", ""title"": ""Node 5 Event 10"", ""vector_timestamp"": [40, 42, 43, 42, 47, 48, 47, 44, 43, 42]}",,,104,,,,,,,5,,,,,,,77,,,cd134173beae2ee683927ea7490898cf78ff19c3730aa745ca5b39d71a73e657,,,"[40, 42, 43, 42, 47, 48, 47, 44, 43, 42]",,2026-09-13T14:17:20.281Z
node-5.jsonl,SEND_STATE,,,91,,,,,,,,N05-M0019,105,"[40, 42, 43, 42, 47, 49, 47, 44, 43, 42]",,5,,,,,4,,,,,,cd134173beae2ee683927ea7490898cf78ff19c3730aa745ca5b39d71a73e657,,,,2026-09-13T14:17:20.284Z
node-4.jsonl,RECEIVE_STATE,,91,,85,,False,,106,101,,N05-M0019,,,6,4,,91,105,"[40, 42, 43, 42, 47, 49, 47, 44, 43, 42]",,,,5,,cd134173beae2ee683927ea7490898cf78ff19c3730aa745ca5b39d71a73e657,,,"[40, 42, 43, 42, 48, 49, 47, 44, 43, 42]","[35, 42, 43, 42, 47, 44, 42, 39, 38, 37]",2026-09-13T14:17:20.289Z
node-5.jsonl,SEND_STATE,,,91,,,,,,,,N05-M0020,106,"[40, 42, 43, 42, 47, 50, 47, 44, 43, 42]",,5,,,,,6,,,,,,cd134173beae2ee683927ea7490898cf78ff19c3730aa745ca5b39d71a73e657,,,,2026-09-13T14:17:20.292Z
node-6.jsonl,RECEIVE_STATE,,91,,87,,False,,107,102,,N05-M0020,,,4,6,,91,106,"[40, 42, 43, 42, 47, 50, 47, 44, 43, 42]",,,,5,,cd134173beae2ee683927ea7490898cf78ff19c3730aa745ca5b39d71a73e657,,,"[40, 42, 43, 42, 47, 50, 49, 44, 43, 42]","[40, 41, 37, 36, 42, 45, 48, 44, 43, 42]",2026-09-13T14:17:20.296Z
node-5.jsonl,SCHEDULER_COMPLETE,91,,,,,,106,,,,,,,,5,,,,,,,,,cd134173beae2ee683927ea7490898cf78ff19c3730aa745ca5b39d71a73e657,,,"[40, 42, 43, 42, 47, 50, 47, 44, 43, 42]",,,2026-09-13T14:17:20.297Z
node-3.jsonl,LOCAL_SCHEDULE,,89,,,"{""creator_node"": 3, ""end_time"": ""13:40"", ""event_id"": ""N03-E09"", ""event_number"": 9, ""lamport_timestamp"": 102, ""simulation_date"": ""2030-10-01"", ""start_time"": ""13:20"", ""title"": ""Node 3 Event 9"", ""vector_timestamp"": [41, 47, 48, 45, 46, 44, 42, 39, 38, 38]}",,,102,,,,,,,3,,,,,,,72,,,6e70d47799dbdd88dd60110efe60b8c41defa7c6c242d6cc8dda36abd66f9b54,,,"[41, 47, 48, 45, 46, 44, 42, 39, 38, 38]",,2026-09-13T14:17:41.680Z
node-3.jsonl,SEND_STATE,,,89,,,,,,,,N03-M0017,103,"[41, 47, 48, 46, 46, 44, 42, 39, 38, 38]",,3,,,,,2,,,,,,6e70d47799dbdd88dd60110efe60b8c41defa7c6c242d6cc8dda36abd66f9b54,,,,2026-09-13T14:17:41.682Z
node-2.jsonl,RECEIVE_STATE,,89,,83,,False,,104,99,,N03-M0017,,,6,2,,89,103,"[41, 47, 48, 46, 46, 44, 42, 39, 38, 38]",,,,3,,6e70d47799dbdd88dd60110efe60b8c41defa7c6c242d6cc8dda36abd66f9b54,,,"[41, 47, 49, 46, 46, 44, 42, 39, 38, 38]","[41, 47, 48, 41, 41, 38, 37, 34, 35, 38]",2026-09-13T14:17:41.686Z
node-3.jsonl,SEND_STATE,,,89,,,,,,,,N03-M0018,104,"[41, 47, 48, 47, 46, 44, 42, 39, 38, 38]",,3,,,,,4,,,,,,6e70d47799dbdd88dd60110efe60b8c41defa7c6c242d6cc8dda36abd66f9b54,,,,2026-09-13T14:17:41.689Z
node-4.jsonl,RECEIVE_STATE,,94,,86,,False,,107,106,,N03-M0018,,,3,4,,89,104,"[41, 47, 48, 47, 46, 44, 42, 39, 38, 38]",,,,3,,c9c5f6083889fd58af6a3c25759dcc44600e6e25a9e5e4d7927caafeade21aa1,,,"[41, 47, 48, 47, 49, 49, 47, 44, 43, 42]","[40, 42, 43, 42, 48, 49, 47, 44, 43, 42]",2026-09-13T14:17:41.693Z
node-8.jsonl,LOCAL_SCHEDULE,,88,,,"{""creator_node"": 8, ""end_time"": ""14:40"", ""event_id"": ""N08-E10"", ""event_number"": 10, ""lamport_timestamp"": 102, ""simulation_date"": ""2030-10-01"", ""start_time"": ""14:20"", ""title"": ""Node 8 Event 10"", ""vector_timestamp"": [45, 46, 42, 35, 34, 39, 43, 45, 47, 47]}",,,102,,,,,,,8,,,,,,,78,,,4a136469fea35427db2ae2e7fc5bd5ba021b10c7cfb4085fa66cd2b0dcd5a84c,,,"[45, 46, 42, 35, 34, 39, 43, 45, 47, 47]",,2026-09-13T14:17:47.887Z
node-8.jsonl,SEND_STATE,,,88,,,,,,,,N08-M0019,103,"[45, 46, 42, 35, 34, 39, 43, 45, 48, 47]",,8,,,,,7,,,,,,4a136469fea35427db2ae2e7fc5bd5ba021b10c7cfb4085fa66cd2b0dcd5a84c,,,,2026-09-13T14:17:47.891Z
node-7.jsonl,RECEIVE_STATE,,92,,83,,False,,104,103,,N08-M0019,,,5,7,,88,103,"[45, 46, 42, 35, 34, 39, 43, 45, 48, 47]",,,,8,,34fb7b280ad7ca6a0a9aba291e0976dfbdf0da5e2ab5d0b1143a6608911f4457,,,"[45, 46, 42, 36, 42, 45, 48, 47, 48, 47]","[40, 41, 37, 36, 42, 45, 48, 46, 43, 42]",2026-09-13T14:17:47.897Z
node-8.jsonl,SEND_STATE,,,88,,,,,,,,N08-M0020,104,"[45, 46, 42, 35, 34, 39, 43, 45, 49, 47]",,8,,,,,9,,,,,,4a136469fea35427db2ae2e7fc5bd5ba021b10c7cfb4085fa66cd2b0dcd5a84c,,,,2026-09-13T14:17:47.899Z
node-9.jsonl,RECEIVE_STATE,,88,,84,,False,,105,101,,N08-M0020,,,4,9,,88,104,"[45, 46, 42, 35, 34, 39, 43, 45, 49, 47]",,,,8,,4a136469fea35427db2ae2e7fc5bd5ba021b10c7cfb4085fa66cd2b0dcd5a84c,,,"[45, 46, 42, 35, 34, 39, 43, 45, 49, 49]","[45, 46, 42, 35, 33, 34, 38, 40, 44, 48]",2026-09-13T14:17:47.903Z
node-8.jsonl,SCHEDULER_COMPLETE,88,,,,,,104,,,,,,,,8,,,,,,,,,4a136469fea35427db2ae2e7fc5bd5ba021b10c7cfb4085fa66cd2b0dcd5a84c,,,"[45, 46, 42, 35, 34, 39, 43, 45, 49, 47]",,,2026-09-13T14:17:47.905Z
node-0.jsonl,LOCAL_SCHEDULE,,85,,,"{""creator_node"": 0, ""end_time"": ""19:40"", ""event_id"": ""N00-E10"", ""event_number"": 10, ""lamport_timestamp"": 103, ""simulation_date"": ""2030-10-01"", ""start_time"": ""19:20"", ""title"": ""Node 0 Event 10"", ""vector_timestamp"": [48, 46, 42, 35, 33, 34, 38, 40, 44, 48]}",,,103,,,,,,,0,,,,,,,81,,,3dd7c01692fd7a9162acff21127080c22072a236dd0d7de3521f18c4521d6a6a,,,"[48, 46, 42, 35, 33, 34, 38, 40, 44, 48]",,2026-09-13T14:18:06.473Z
node-0.jsonl,SEND_STATE,,,85,,,,,,,,N00-M0019,104,"[49, 46, 42, 35, 33, 34, 38, 40, 44, 48]",,0,,,,,9,,,,,,3dd7c01692fd7a9162acff21127080c22072a236dd0d7de3521f18c4521d6a6a,,,,2026-09-13T14:18:06.479Z
node-9.jsonl,RECEIVE_STATE,,89,,84,,False,,106,105,,N00-M0019,,,1,9,,85,104,"[49, 46, 42, 35, 33, 34, 38, 40, 44, 48]",,,,0,,81a48ae6dc0bbbb61dc341da56ef138c21718a1dac30446e0e84d69bd0697549,,,"[49, 46, 42, 35, 34, 39, 43, 45, 49, 50]","[45, 46, 42, 35, 34, 39, 43, 45, 49, 49]",2026-09-13T14:18:06.484Z
node-0.jsonl,SEND_STATE,,,85,,,,,,,,N00-M0020,105,"[50, 46, 42, 35, 33, 34, 38, 40, 44, 48]",,0,,,,,1,,,,,,3dd7c01692fd7a9162acff21127080c22072a236dd0d7de3521f18c4521d6a6a,,,,2026-09-13T14:18:06.487Z
node-1.jsonl,RECEIVE_STATE,,90,,81,,False,,106,100,,N00-M0020,,,4,1,,85,105,"[50, 46, 42, 35, 33, 34, 38, 40, 44, 48]",,,,0,,dea16160ecea05af4f0fd72bdfb731aa3872d23a7cfdda75e272f92b33e7d7a7,,,"[50, 50, 47, 41, 41, 38, 38, 40, 44, 48]","[46, 49, 47, 41, 41, 38, 37, 34, 39, 43]",2026-09-13T14:18:06.491Z
node-0.jsonl,SCHEDULER_COMPLETE,85,,,,,,105,,,,,,,,0,,,,,,,,,3dd7c01692fd7a9162acff21127080c22072a236dd0d7de3521f18c4521d6a6a,,,"[50, 46, 42, 35, 33, 34, 38, 40, 44, 48]",,,2026-09-13T14:18:06.493Z
node-3.jsonl,LOCAL_SCHEDULE,,90,,,"{""creator_node"": 3, ""end_time"": ""15:00"", ""event_id"": ""N03-E10"", ""event_number"": 10, ""lamport_timestamp"": 105, ""simulation_date"": ""2030-10-01"", ""start_time"": ""14:40"", ""title"": ""Node 3 Event 10"", ""vector_timestamp"": [41, 47, 48, 48, 46, 44, 42, 39, 38, 38]}",,,105,,,,,,,3,,,,,,,32,,,0f3818f3ef374eea57b486b5a881985fad68c2dc1d3b29050c9622ee71b021fb,,,"[41, 47, 48, 48, 46, 44, 42, 39, 38, 38]",,2026-09-13T14:18:13.697Z
node-3.jsonl,SEND_STATE,,,90,,,,,,,,N03-M0019,106,"[41, 47, 48, 49, 46, 44, 42, 39, 38, 38]",,3,,,,,2,,,,,,0f3818f3ef374eea57b486b5a881985fad68c2dc1d3b29050c9622ee71b021fb,,,,2026-09-13T14:18:13.700Z
node-2.jsonl,RECEIVE_STATE,,90,,89,,False,,107,104,,N03-M0019,,,1,2,,90,106,"[41, 47, 48, 49, 46, 44, 42, 39, 38, 38]",,,,3,,0f3818f3ef374eea57b486b5a881985fad68c2dc1d3b29050c9622ee71b021fb,,,"[41, 47, 50, 49, 46, 44, 42, 39, 38, 38]","[41, 47, 49, 46, 46, 44, 42, 39, 38, 38]",2026-09-13T14:18:13.704Z
node-3.jsonl,SEND_STATE,,,90,,,,,,,,N03-M0020,107,"[41, 47, 48, 50, 46, 44, 42, 39, 38, 38]",,3,,,,,4,,,,,,0f3818f3ef374eea57b486b5a881985fad68c2dc1d3b29050c9622ee71b021fb,,,,2026-09-13T14:18:13.707Z
node-4.jsonl,RECEIVE_STATE,,95,,89,,False,,108,107,,N03-M0020,,,1,4,,90,107,"[41, 47, 48, 50, 46, 44, 42, 39, 38, 38]",,,,3,,010d5f7ee30f7542b2fd3734e8df0aeed783ae7a50ca22e47c71ae18ee7a3786,,,"[41, 47, 48, 50, 50, 49, 47, 44, 43, 42]","[41, 47, 48, 47, 49, 49, 47, 44, 43, 42]",2026-09-13T14:18:13.711Z
node-3.jsonl,SCHEDULER_COMPLETE,90,,,,,,107,,,,,,,,3,,,,,,,,,0f3818f3ef374eea57b486b5a881985fad68c2dc1d3b29050c9622ee71b021fb,,,"[41, 47, 48, 50, 46, 44, 42, 39, 38, 38]",,,2026-09-13T14:18:13.712Z
node-7.jsonl,LOCAL_SCHEDULE,,93,,,"{""creator_node"": 7, ""end_time"": ""19:20"", ""event_id"": ""N07-E10"", ""event_number"": 10, ""lamport_timestamp"": 105, ""simulation_date"": ""2030-10-01"", ""start_time"": ""19:00"", ""title"": ""Node 7 Event 10"", ""vector_timestamp"": [45, 46, 42, 36, 42, 45, 48, 48, 48, 47]}",,,105,,,,,,,7,,,,,,,84,,,ccf8d63167e0f65cead89ac298c48d3d8142b06bf3681100f49116fea5b66e41,,,"[45, 46, 42, 36, 42, 45, 48, 48, 48, 47]",,2026-09-13T14:18:19.046Z
node-7.jsonl,SEND_STATE,,,93,,,,,,,,N07-M0019,106,"[45, 46, 42, 36, 42, 45, 48, 49, 48, 47]",,7,,,,,6,,,,,,ccf8d63167e0f65cead89ac298c48d3d8142b06bf3681100f49116fea5b66e41,,,,2026-09-13T14:18:19.050Z
node-6.jsonl,RECEIVE_STATE,,96,,88,,False,,108,107,,N07-M0019,,,5,6,,93,106,"[45, 46, 42, 36, 42, 45, 48, 49, 48, 47]",,,,7,,88a1e4c86da24e82353e8a789f2631054cfa27c8c6fb618114d7365c42d4816b,,,"[45, 46, 43, 42, 47, 50, 50, 49, 48, 47]","[40, 42, 43, 42, 47, 50, 49, 44, 43, 42]",2026-09-13T14:18:19.054Z
node-7.jsonl,SEND_STATE,,,93,,,,,,,,N07-M0020,107,"[45, 46, 42, 36, 42, 45, 48, 50, 48, 47]",,7,,,,,8,,,,,,ccf8d63167e0f65cead89ac298c48d3d8142b06bf3681100f49116fea5b66e41,,,,2026-09-13T14:18:19.057Z
node-8.jsonl,RECEIVE_STATE,,93,,88,,False,,108,104,,N07-M0020,,,5,8,,93,107,"[45, 46, 42, 36, 42, 45, 48, 50, 48, 47]",,,,7,,ccf8d63167e0f65cead89ac298c48d3d8142b06bf3681100f49116fea5b66e41,,,"[45, 46, 42, 36, 42, 45, 48, 50, 50, 47]","[45, 46, 42, 35, 34, 39, 43, 45, 49, 47]",2026-09-13T14:18:19.061Z
node-7.jsonl,SCHEDULER_COMPLETE,93,,,,,,107,,,,,,,,7,,,,,,,,,ccf8d63167e0f65cead89ac298c48d3d8142b06bf3681100f49116fea5b66e41,,,"[45, 46, 42, 36, 42, 45, 48, 50, 48, 47]",,,2026-09-13T14:18:19.062Z
node-0.jsonl,FINAL_SYNC_SEND,,,85,,,,,,,,N00-M0021,106,"[51, 46, 42, 35, 33, 34, 38, 40, 44, 48]",,0,,,,,9,,,,,,3dd7c01692fd7a9162acff21127080c22072a236dd0d7de3521f18c4521d6a6a,,,,2026-09-13T14:48:22.320Z
node-9.jsonl,RECEIVE_STATE,,89,,85,,True,,107,106,,N00-M0021,,,0,9,,85,106,"[51, 46, 42, 35, 33, 34, 38, 40, 44, 48]",,,,0,,81a48ae6dc0bbbb61dc341da56ef138c21718a1dac30446e0e84d69bd0697549,,,"[51, 46, 42, 35, 34, 39, 43, 45, 49, 51]","[49, 46, 42, 35, 34, 39, 43, 45, 49, 50]",2026-09-13T14:48:22.331Z
node-0.jsonl,FINAL_SYNC_SEND,,,85,,,,,,,,N00-M0022,107,"[52, 46, 42, 35, 33, 34, 38, 40, 44, 48]",,0,,,,,1,,,,,,3dd7c01692fd7a9162acff21127080c22072a236dd0d7de3521f18c4521d6a6a,,,,2026-09-13T14:48:22.338Z
node-1.jsonl,RECEIVE_STATE,,90,,85,,True,,108,106,,N00-M0022,,,0,1,,85,107,"[52, 46, 42, 35, 33, 34, 38, 40, 44, 48]",,,,0,,dea16160ecea05af4f0fd72bdfb731aa3872d23a7cfdda75e272f92b33e7d7a7,,,"[52, 51, 47, 41, 41, 38, 38, 40, 44, 48]","[50, 50, 47, 41, 41, 38, 38, 40, 44, 48]",2026-09-13T14:48:22.345Z
node-1.jsonl,FINAL_SYNC_SEND,,,90,,,,,,,,N01-M0021,109,"[52, 52, 47, 41, 41, 38, 38, 40, 44, 48]",,1,,,,,0,,,,,,dea16160ecea05af4f0fd72bdfb731aa3872d23a7cfdda75e272f92b33e7d7a7,,,,2026-09-13T14:48:22.353Z
node-0.jsonl,RECEIVE_STATE,,90,,85,,True,,110,107,,N01-M0021,,,5,0,,90,109,"[52, 52, 47, 41, 41, 38, 38, 40, 44, 48]",,,,1,,dea16160ecea05af4f0fd72bdfb731aa3872d23a7cfdda75e272f92b33e7d7a7,,,"[53, 52, 47, 41, 41, 38, 38, 40, 44, 48]","[52, 46, 42, 35, 33, 34, 38, 40, 44, 48]",2026-09-13T14:48:22.358Z
node-1.jsonl,FINAL_SYNC_SEND,,,90,,,,,,,,N01-M0022,110,"[52, 53, 47, 41, 41, 38, 38, 40, 44, 48]",,1,,,,,2,,,,,,dea16160ecea05af4f0fd72bdfb731aa3872d23a7cfdda75e272f92b33e7d7a7,,,,2026-09-13T14:48:22.362Z
node-2.jsonl,RECEIVE_STATE,,95,,85,,True,,111,107,,N01-M0022,,,5,2,,90,110,"[52, 53, 47, 41, 41, 38, 38, 40, 44, 48]",,,,1,,4675c8d951294774d5a4806822855c384cbb165a48b0e69418094811f466ef51,,,"[52, 53, 51, 49, 46, 44, 42, 40, 44, 48]","[41, 47, 50, 49, 46, 44, 42, 39, 38, 38]",2026-09-13T14:48:22.368Z
node-2.jsonl,FINAL_SYNC_SEND,,,95,,,,,,,,N02-M0021,112,"[52, 53, 52, 49, 46, 44, 42, 40, 44, 48]",,2,,,,,1,,,,,,4675c8d951294774d5a4806822855c384cbb165a48b0e69418094811f466ef51,,,,2026-09-13T14:48:22.375Z
node-1.jsonl,RECEIVE_STATE,,95,,90,,True,,113,110,,N02-M0021,,,5,1,,95,112,"[52, 53, 52, 49, 46, 44, 42, 40, 44, 48]",,,,2,,4675c8d951294774d5a4806822855c384cbb165a48b0e69418094811f466ef51,,,"[52, 54, 52, 49, 46, 44, 42, 40, 44, 48]","[52, 53, 47, 41, 41, 38, 38, 40, 44, 48]",2026-09-13T14:48:22.383Z
node-2.jsonl,FINAL_SYNC_SEND,,,95,,,,,,,,N02-M0022,113,"[52, 53, 53, 49, 46, 44, 42, 40, 44, 48]",,2,,,,,3,,,,,,4675c8d951294774d5a4806822855c384cbb165a48b0e69418094811f466ef51,,,,2026-09-13T14:48:22.386Z
node-3.jsonl,RECEIVE_STATE,,95,,90,,True,,114,107,,N02-M0022,,,5,3,,95,113,"[52, 53, 53, 49, 46, 44, 42, 40, 44, 48]",,,,2,,4675c8d951294774d5a4806822855c384cbb165a48b0e69418094811f466ef51,,,"[52, 53, 53, 51, 46, 44, 42, 40, 44, 48]","[41, 47, 48, 50, 46, 44, 42, 39, 38, 38]",2026-09-13T14:48:22.392Z
node-3.jsonl,FINAL_SYNC_SEND,,,95,,,,,,,,N03-M0021,115,"[52, 53, 53, 52, 46, 44, 42, 40, 44, 48]",,3,,,,,2,,,,,,4675c8d951294774d5a4806822855c384cbb165a48b0e69418094811f466ef51,,,,2026-09-13T14:48:22.400Z
node-2.jsonl,RECEIVE_STATE,,95,,95,,True,,116,113,,N03-M0021,,,0,2,,95,115,"[52, 53, 53, 52, 46, 44, 42, 40, 44, 48]",,,,3,,4675c8d951294774d5a4806822855c384cbb165a48b0e69418094811f466ef51,,,"[52, 53, 54, 52, 46, 44, 42, 40, 44, 48]","[52, 53, 53, 49, 46, 44, 42, 40, 44, 48]",2026-09-13T14:48:22.406Z
node-3.jsonl,FINAL_SYNC_SEND,,,95,,,,,,,,N03-M0022,116,"[52, 53, 53, 53, 46, 44, 42, 40, 44, 48]",,3,,,,,4,,,,,,4675c8d951294774d5a4806822855c384cbb165a48b0e69418094811f466ef51,,,,2026-09-13T14:48:22.409Z
node-4.jsonl,RECEIVE_STATE,,98,,92,,True,,117,108,,N03-M0022,,,3,4,,95,116,"[52, 53, 53, 53, 46, 44, 42, 40, 44, 48]",,,,3,,166d8555fac3b96e474e565f5269938eb1b63d3d34f7adfa55e04d8bd8ff9e23,,,"[52, 53, 53, 53, 51, 49, 47, 44, 44, 48]","[41, 47, 48, 50, 50, 49, 47, 44, 43, 42]",2026-09-13T14:48:22.415Z
node-4.jsonl,FINAL_SYNC_SEND,,,98,,,,,,,,N04-M0021,118,"[52, 53, 53, 53, 52, 49, 47, 44, 44, 48]",,4,,,,,3,,,,,,166d8555fac3b96e474e565f5269938eb1b63d3d34f7adfa55e04d8bd8ff9e23,,,,2026-09-13T14:48:22.422Z
node-3.jsonl,RECEIVE_STATE,,98,,95,,True,,119,116,,N04-M0021,,,3,3,,98,118,"[52, 53, 53, 53, 52, 49, 47, 44, 44, 48]",,,,4,,166d8555fac3b96e474e565f5269938eb1b63d3d34f7adfa55e04d8bd8ff9e23,,,"[52, 53, 53, 54, 52, 49, 47, 44, 44, 48]","[52, 53, 53, 53, 46, 44, 42, 40, 44, 48]",2026-09-13T14:48:22.428Z
node-4.jsonl,FINAL_SYNC_SEND,,,98,,,,,,,,N04-M0022,119,"[52, 53, 53, 53, 53, 49, 47, 44, 44, 48]",,4,,,,,5,,,,,,166d8555fac3b96e474e565f5269938eb1b63d3d34f7adfa55e04d8bd8ff9e23,,,,2026-09-13T14:48:22.431Z
node-5.jsonl,RECEIVE_STATE,,98,,91,,True,,120,106,,N04-M0022,,,7,5,,98,119,"[52, 53, 53, 53, 53, 49, 47, 44, 44, 48]",,,,4,,166d8555fac3b96e474e565f5269938eb1b63d3d34f7adfa55e04d8bd8ff9e23,,,"[52, 53, 53, 53, 53, 51, 47, 44, 44, 48]","[40, 42, 43, 42, 47, 50, 47, 44, 43, 42]",2026-09-13T14:48:22.436Z
node-5.jsonl,FINAL_SYNC_SEND,,,98,,,,,,,,N05-M0021,121,"[52, 53, 53, 53, 53, 52, 47, 44, 44, 48]",,5,,,,,4,,,,,,166d8555fac3b96e474e565f5269938eb1b63d3d34f7adfa55e04d8bd8ff9e23,,,,2026-09-13T14:48:22.443Z
node-4.jsonl,RECEIVE_STATE,,98,,98,,True,,122,119,,N05-M0021,,,0,4,,98,121,"[52, 53, 53, 53, 53, 52, 47, 44, 44, 48]",,,,5,,166d8555fac3b96e474e565f5269938eb1b63d3d34f7adfa55e04d8bd8ff9e23,,,"[52, 53, 53, 53, 54, 52, 47, 44, 44, 48]","[52, 53, 53, 53, 53, 49, 47, 44, 44, 48]",2026-09-13T14:48:22.448Z
node-5.jsonl,FINAL_SYNC_SEND,,,98,,,,,,,,N05-M0022,122,"[52, 53, 53, 53, 53, 53, 47, 44, 44, 48]",,5,,,,,6,,,,,,166d8555fac3b96e474e565f5269938eb1b63d3d34f7adfa55e04d8bd8ff9e23,,,,2026-09-13T14:48:22.451Z
node-6.jsonl,RECEIVE_STATE,,100,,94,,True,,123,108,,N05-M0022,,,4,6,,98,122,"[52, 53, 53, 53, 53, 53, 47, 44, 44, 48]",,,,5,,e6408fbb5797b2f2704dd547b06d6576263376320554423c1ee8de31ddc6dc03,,,"[52, 53, 53, 53, 53, 53, 51, 49, 48, 48]","[45, 46, 43, 42, 47, 50, 50, 49, 48, 47]",2026-09-13T14:48:22.456Z
node-6.jsonl,FINAL_SYNC_SEND,,,100,,,,,,,,N06-M0021,124,"[52, 53, 53, 53, 53, 53, 52, 49, 48, 48]",,6,,,,,5,,,,,,e6408fbb5797b2f2704dd547b06d6576263376320554423c1ee8de31ddc6dc03,,,,2026-09-13T14:48:22.463Z
node-5.jsonl,RECEIVE_STATE,,100,,98,,True,,125,122,,N06-M0021,,,2,5,,100,124,"[52, 53, 53, 53, 53, 53, 52, 49, 48, 48]",,,,6,,e6408fbb5797b2f2704dd547b06d6576263376320554423c1ee8de31ddc6dc03,,,"[52, 53, 53, 53, 53, 54, 52, 49, 48, 48]","[52, 53, 53, 53, 53, 53, 47, 44, 44, 48]",2026-09-13T14:48:22.468Z
node-6.jsonl,FINAL_SYNC_SEND,,,100,,,,,,,,N06-M0022,125,"[52, 53, 53, 53, 53, 53, 53, 49, 48, 48]",,6,,,,,7,,,,,,e6408fbb5797b2f2704dd547b06d6576263376320554423c1ee8de31ddc6dc03,,,,2026-09-13T14:48:22.471Z
node-7.jsonl,RECEIVE_STATE,,100,,93,,True,,126,107,,N06-M0022,,,7,7,,100,125,"[52, 53, 53, 53, 53, 53, 53, 49, 48, 48]",,,,6,,e6408fbb5797b2f2704dd547b06d6576263376320554423c1ee8de31ddc6dc03,,,"[52, 53, 53, 53, 53, 53, 53, 51, 48, 48]","[45, 46, 42, 36, 42, 45, 48, 50, 48, 47]",2026-09-13T14:48:22.477Z
node-7.jsonl,FINAL_SYNC_SEND,,,100,,,,,,,,N07-M0021,127,"[52, 53, 53, 53, 53, 53, 53, 52, 48, 48]",,7,,,,,6,,,,,,e6408fbb5797b2f2704dd547b06d6576263376320554423c1ee8de31ddc6dc03,,,,2026-09-13T14:48:22.483Z
node-6.jsonl,RECEIVE_STATE,,100,,100,,True,,128,125,,N07-M0021,,,0,6,,100,127,"[52, 53, 53, 53, 53, 53, 53, 52, 48, 48]",,,,7,,e6408fbb5797b2f2704dd547b06d6576263376320554423c1ee8de31ddc6dc03,,,"[52, 53, 53, 53, 53, 53, 54, 52, 48, 48]","[52, 53, 53, 53, 53, 53, 53, 49, 48, 48]",2026-09-13T14:48:22.491Z
node-7.jsonl,FINAL_SYNC_SEND,,,100,,,,,,,,N07-M0022,128,"[52, 53, 53, 53, 53, 53, 53, 53, 48, 48]",,7,,,,,8,,,,,,e6408fbb5797b2f2704dd547b06d6576263376320554423c1ee8de31ddc6dc03,,,,2026-09-13T14:48:22.494Z
node-8.jsonl,RECEIVE_STATE,,100,,93,,True,,129,108,,N07-M0022,,,7,8,,100,128,"[52, 53, 53, 53, 53, 53, 53, 53, 48, 48]",,,,7,,e6408fbb5797b2f2704dd547b06d6576263376320554423c1ee8de31ddc6dc03,,,"[52, 53, 53, 53, 53, 53, 53, 53, 51, 48]","[45, 46, 42, 36, 42, 45, 48, 50, 50, 47]",2026-09-13T14:48:22.499Z
node-8.jsonl,FINAL_SYNC_SEND,,,100,,,,,,,,N08-M0021,130,"[52, 53, 53, 53, 53, 53, 53, 53, 52, 48]",,8,,,,,7,,,,,,e6408fbb5797b2f2704dd547b06d6576263376320554423c1ee8de31ddc6dc03,,,,2026-09-13T14:48:22.506Z
node-7.jsonl,RECEIVE_STATE,,100,,100,,True,,131,128,,N08-M0021,,,0,7,,100,130,"[52, 53, 53, 53, 53, 53, 53, 53, 52, 48]",,,,8,,e6408fbb5797b2f2704dd547b06d6576263376320554423c1ee8de31ddc6dc03,,,"[52, 53, 53, 53, 53, 53, 53, 54, 52, 48]","[52, 53, 53, 53, 53, 53, 53, 53, 48, 48]",2026-09-13T14:48:22.511Z
node-8.jsonl,FINAL_SYNC_SEND,,,100,,,,,,,,N08-M0022,131,"[52, 53, 53, 53, 53, 53, 53, 53, 53, 48]",,8,,,,,9,,,,,,e6408fbb5797b2f2704dd547b06d6576263376320554423c1ee8de31ddc6dc03,,,,2026-09-13T14:48:22.514Z
node-9.jsonl,RECEIVE_STATE,,100,,89,,True,,132,107,,N08-M0022,,,11,9,,100,131,"[52, 53, 53, 53, 53, 53, 53, 53, 53, 48]",,,,8,,e6408fbb5797b2f2704dd547b06d6576263376320554423c1ee8de31ddc6dc03,,,"[52, 53, 53, 53, 53, 53, 53, 53, 53, 52]","[51, 46, 42, 35, 34, 39, 43, 45, 49, 51]",2026-09-13T14:48:22.519Z
node-9.jsonl,FINAL_SYNC_SEND,,,100,,,,,,,,N09-M0021,133,"[52, 53, 53, 53, 53, 53, 53, 53, 53, 53]",,9,,,,,8,,,,,,e6408fbb5797b2f2704dd547b06d6576263376320554423c1ee8de31ddc6dc03,,,,2026-09-13T14:48:22.525Z
node-8.jsonl,RECEIVE_STATE,,100,,100,,True,,134,131,,N09-M0021,,,0,8,,100,133,"[52, 53, 53, 53, 53, 53, 53, 53, 53, 53]",,,,9,,e6408fbb5797b2f2704dd547b06d6576263376320554423c1ee8de31ddc6dc03,,,"[52, 53, 53, 53, 53, 53, 53, 53, 54, 53]","[52, 53, 53, 53, 53, 53, 53, 53, 53, 48]",2026-09-13T14:48:22.534Z
node-9.jsonl,FINAL_SYNC_SEND,,,100,,,,,,,,N09-M0022,134,"[52, 53, 53, 53, 53, 53, 53, 53, 53, 54]",,9,,,,,0,,,,,,e6408fbb5797b2f2704dd547b06d6576263376320554423c1ee8de31ddc6dc03,,,,2026-09-13T14:48:22.537Z
node-0.jsonl,RECEIVE_STATE,,100,,90,,True,,135,110,,N09-M0022,,,10,0,,100,134,"[52, 53, 53, 53, 53, 53, 53, 53, 53, 54]",,,,9,,e6408fbb5797b2f2704dd547b06d6576263376320554423c1ee8de31ddc6dc03,,,"[54, 53, 53, 53, 53, 53, 53, 53, 53, 54]","[53, 52, 47, 41, 41, 38, 38, 40, 44, 48]",2026-09-13T14:48:22.544Z
node-0.jsonl,FINAL_SYNC_SEND,,,100,,,,,,,,N00-M0023,136,"[55, 53, 53, 53, 53, 53, 53, 53, 53, 54]",,0,,,,,9,,,,,,e6408fbb5797b2f2704dd547b06d6576263376320554423c1ee8de31ddc6dc03,,,,2026-09-13T14:48:24.554Z
node-9.jsonl,RECEIVE_STATE,,100,,100,,True,,137,134,,N00-M0023,,,0,9,,100,136,"[55, 53, 53, 53, 53, 53, 53, 53, 53, 54]",,,,0,,e6408fbb5797b2f2704dd547b06d6576263376320554423c1ee8de31ddc6dc03,,,"[55, 53, 53, 53, 53, 53, 53, 53, 53, 55]","[52, 53, 53, 53, 53, 53, 53, 53, 53, 54]",2026-09-13T14:48:24.561Z
node-0.jsonl,FINAL_SYNC_SEND,,,100,,,,,,,,N00-M0024,137,"[56, 53, 53, 53, 53, 53, 53, 53, 53, 54]",,0,,,,,1,,,,,,e6408fbb5797b2f2704dd547b06d6576263376320554423c1ee8de31ddc6dc03,,,,2026-09-13T14:48:24.565Z
node-1.jsonl,RECEIVE_STATE,,100,,95,,True,,138,113,,N00-M0024,,,5,1,,100,137,"[56, 53, 53, 53, 53, 53, 53, 53, 53, 54]",,,,0,,e6408fbb5797b2f2704dd547b06d6576263376320554423c1ee8de31ddc6dc03,,,"[56, 55, 53, 53, 53, 53, 53, 53, 53, 54]","[52, 54, 52, 49, 46, 44, 42, 40, 44, 48]",2026-09-13T14:48:24.572Z
node-1.jsonl,FINAL_SYNC_SEND,,,100,,,,,,,,N01-M0023,139,"[56, 56, 53, 53, 53, 53, 53, 53, 53, 54]",,1,,,,,0,,,,,,e6408fbb5797b2f2704dd547b06d6576263376320554423c1ee8de31ddc6dc03,,,,2026-09-13T14:48:24.582Z
node-0.jsonl,RECEIVE_STATE,,100,,100,,True,,140,137,,N01-M0023,,,0,0,,100,139,"[56, 56, 53, 53, 53, 53, 53, 53, 53, 54]",,,,1,,e6408fbb5797b2f2704dd547b06d6576263376320554423c1ee8de31ddc6dc03,,,"[57, 56, 53, 53, 53, 53, 53, 53, 53, 54]","[56, 53, 53, 53, 53, 53, 53, 53, 53, 54]",2026-09-13T14:48:24.588Z
node-1.jsonl,FINAL_SYNC_SEND,,,100,,,,,,,,N01-M0024,140,"[56, 57, 53, 53, 53, 53, 53, 53, 53, 54]",,1,,,,,2,,,,,,e6408fbb5797b2f2704dd547b06d6576263376320554423c1ee8de31ddc6dc03,,,,2026-09-13T14:48:24.593Z
node-2.jsonl,RECEIVE_STATE,,100,,95,,True,,141,116,,N01-M0024,,,5,2,,100,140,"[56, 57, 53, 53, 53, 53, 53, 53, 53, 54]",,,,1,,e6408fbb5797b2f2704dd547b06d6576263376320554423c1ee8de31ddc6dc03,,,"[56, 57, 55, 53, 53, 53, 53, 53, 53, 54]","[52, 53, 54, 52, 46, 44, 42, 40, 44, 48]",2026-09-13T14:48:24.602Z
node-2.jsonl,FINAL_SYNC_SEND,,,100,,,,,,,,N02-M0023,142,"[56, 57, 56, 53, 53, 53, 53, 53, 53, 54]",,2,,,,,1,,,,,,e6408fbb5797b2f2704dd547b06d6576263376320554423c1ee8de31ddc6dc03,,,,2026-09-13T14:48:24.613Z
node-1.jsonl,RECEIVE_STATE,,100,,100,,True,,143,140,,N02-M0023,,,0,1,,100,142,"[56, 57, 56, 53, 53, 53, 53, 53, 53, 54]",,,,2,,e6408fbb5797b2f2704dd547b06d6576263376320554423c1ee8de31ddc6dc03,,,"[56, 58, 56, 53, 53, 53, 53, 53, 53, 54]","[56, 57, 53, 53, 53, 53, 53, 53, 53, 54]",2026-09-13T14:48:24.621Z
node-2.jsonl,FINAL_SYNC_SEND,,,100,,,,,,,,N02-M0024,143,"[56, 57, 57, 53, 53, 53, 53, 53, 53, 54]",,2,,,,,3,,,,,,e6408fbb5797b2f2704dd547b06d6576263376320554423c1ee8de31ddc6dc03,,,,2026-09-13T14:48:24.625Z
node-3.jsonl,RECEIVE_STATE,,100,,98,,True,,144,119,,N02-M0024,,,2,3,,100,143,"[56, 57, 57, 53, 53, 53, 53, 53, 53, 54]",,,,2,,e6408fbb5797b2f2704dd547b06d6576263376320554423c1ee8de31ddc6dc03,,,"[56, 57, 57, 55, 53, 53, 53, 53, 53, 54]","[52, 53, 53, 54, 52, 49, 47, 44, 44, 48]",2026-09-13T14:48:24.633Z
node-3.jsonl,FINAL_SYNC_SEND,,,100,,,,,,,,N03-M0023,145,"[56, 57, 57, 56, 53, 53, 53, 53, 53, 54]",,3,,,,,2,,,,,,e6408fbb5797b2f2704dd547b06d6576263376320554423c1ee8de31ddc6dc03,,,,2026-09-13T14:48:24.642Z
node-2.jsonl,RECEIVE_STATE,,100,,100,,True,,146,143,,N03-M0023,,,0,2,,100,145,"[56, 57, 57, 56, 53, 53, 53, 53, 53, 54]",,,,3,,e6408fbb5797b2f2704dd547b06d6576263376320554423c1ee8de31ddc6dc03,,,"[56, 57, 58, 56, 53, 53, 53, 53, 53, 54]","[56, 57, 57, 53, 53, 53, 53, 53, 53, 54]",2026-09-13T14:48:24.649Z
node-3.jsonl,FINAL_SYNC_SEND,,,100,,,,,,,,N03-M0024,146,"[56, 57, 57, 57, 53, 53, 53, 53, 53, 54]",,3,,,,,4,,,,,,e6408fbb5797b2f2704dd547b06d6576263376320554423c1ee8de31ddc6dc03,,,,2026-09-13T14:48:24.653Z
node-4.jsonl,RECEIVE_STATE,,100,,98,,True,,147,122,,N03-M0024,,,2,4,,100,146,"[56, 57, 57, 57, 53, 53, 53, 53, 53, 54]",,,,3,,e6408fbb5797b2f2704dd547b06d6576263376320554423c1ee8de31ddc6dc03,,,"[56, 57, 57, 57, 55, 53, 53, 53, 53, 54]","[52, 53, 53, 53, 54, 52, 47, 44, 44, 48]",2026-09-13T14:48:24.664Z
node-4.jsonl,FINAL_SYNC_SEND,,,100,,,,,,,,N04-M0023,148,"[56, 57, 57, 57, 56, 53, 53, 53, 53, 54]",,4,,,,,3,,,,,,e6408fbb5797b2f2704dd547b06d6576263376320554423c1ee8de31ddc6dc03,,,,2026-09-13T14:48:24.670Z
node-3.jsonl,RECEIVE_STATE,,100,,100,,True,,149,146,,N04-M0023,,,0,3,,100,148,"[56, 57, 57, 57, 56, 53, 53, 53, 53, 54]",,,,4,,e6408fbb5797b2f2704dd547b06d6576263376320554423c1ee8de31ddc6dc03,,,"[56, 57, 57, 58, 56, 53, 53, 53, 53, 54]","[56, 57, 57, 57, 53, 53, 53, 53, 53, 54]",2026-09-13T14:48:24.675Z
node-4.jsonl,FINAL_SYNC_SEND,,,100,,,,,,,,N04-M0024,149,"[56, 57, 57, 57, 57, 53, 53, 53, 53, 54]",,4,,,,,5,,,,,,e6408fbb5797b2f2704dd547b06d6576263376320554423c1ee8de31ddc6dc03,,,,2026-09-13T14:48:24.678Z
node-5.jsonl,RECEIVE_STATE,,100,,100,,True,,150,125,,N04-M0024,,,0,5,,100,149,"[56, 57, 57, 57, 57, 53, 53, 53, 53, 54]",,,,4,,e6408fbb5797b2f2704dd547b06d6576263376320554423c1ee8de31ddc6dc03,,,"[56, 57, 57, 57, 57, 55, 53, 53, 53, 54]","[52, 53, 53, 53, 53, 54, 52, 49, 48, 48]",2026-09-13T14:48:24.683Z
node-5.jsonl,FINAL_SYNC_SEND,,,100,,,,,,,,N05-M0023,151,"[56, 57, 57, 57, 57, 56, 53, 53, 53, 54]",,5,,,,,4,,,,,,e6408fbb5797b2f2704dd547b06d6576263376320554423c1ee8de31ddc6dc03,,,,2026-09-13T14:48:24.710Z
node-4.jsonl,RECEIVE_STATE,,100,,100,,True,,152,149,,N05-M0023,,,0,4,,100,151,"[56, 57, 57, 57, 57, 56, 53, 53, 53, 54]",,,,5,,e6408fbb5797b2f2704dd547b06d6576263376320554423c1ee8de31ddc6dc03,,,"[56, 57, 57, 57, 58, 56, 53, 53, 53, 54]","[56, 57, 57, 57, 57, 53, 53, 53, 53, 54]",2026-09-13T14:48:24.714Z
node-5.jsonl,FINAL_SYNC_SEND,,,100,,,,,,,,N05-M0024,152,"[56, 57, 57, 57, 57, 57, 53, 53, 53, 54]",,5,,,,,6,,,,,,e6408fbb5797b2f2704dd547b06d6576263376320554423c1ee8de31ddc6dc03,,,,2026-09-13T14:48:24.718Z
node-6.jsonl,RECEIVE_STATE,,100,,100,,True,,153,128,,N05-M0024,,,0,6,,100,152,"[56, 57, 57, 57, 57, 57, 53, 53, 53, 54]",,,,5,,e6408fbb5797b2f2704dd547b06d6576263376320554423c1ee8de31ddc6dc03,,,"[56, 57, 57, 57, 57, 57, 55, 53, 53, 54]","[52, 53, 53, 53, 53, 53, 54, 52, 48, 48]",2026-09-13T14:48:24.722Z
node-6.jsonl,FINAL_SYNC_SEND,,,100,,,,,,,,N06-M0023,154,"[56, 57, 57, 57, 57, 57, 56, 53, 53, 54]",,6,,,,,5,,,,,,e6408fbb5797b2f2704dd547b06d6576263376320554423c1ee8de31ddc6dc03,,,,2026-09-13T14:48:24.729Z
node-5.jsonl,RECEIVE_STATE,,100,,100,,True,,155,152,,N06-M0023,,,0,5,,100,154,"[56, 57, 57, 57, 57, 57, 56, 53, 53, 54]",,,,6,,e6408fbb5797b2f2704dd547b06d6576263376320554423c1ee8de31ddc6dc03,,,"[56, 57, 57, 57, 57, 58, 56, 53, 53, 54]","[56, 57, 57, 57, 57, 57, 53, 53, 53, 54]",2026-09-13T14:48:24.734Z
node-6.jsonl,FINAL_SYNC_SEND,,,100,,,,,,,,N06-M0024,155,"[56, 57, 57, 57, 57, 57, 57, 53, 53, 54]",,6,,,,,7,,,,,,e6408fbb5797b2f2704dd547b06d6576263376320554423c1ee8de31ddc6dc03,,,,2026-09-13T14:48:24.738Z
node-7.jsonl,RECEIVE_STATE,,100,,100,,True,,156,131,,N06-M0024,,,0,7,,100,155,"[56, 57, 57, 57, 57, 57, 57, 53, 53, 54]",,,,6,,e6408fbb5797b2f2704dd547b06d6576263376320554423c1ee8de31ddc6dc03,,,"[56, 57, 57, 57, 57, 57, 57, 55, 53, 54]","[52, 53, 53, 53, 53, 53, 53, 54, 52, 48]",2026-09-13T14:48:24.743Z
node-7.jsonl,FINAL_SYNC_SEND,,,100,,,,,,,,N07-M0023,157,"[56, 57, 57, 57, 57, 57, 57, 56, 53, 54]",,7,,,,,6,,,,,,e6408fbb5797b2f2704dd547b06d6576263376320554423c1ee8de31ddc6dc03,,,,2026-09-13T14:48:24.751Z
node-6.jsonl,RECEIVE_STATE,,100,,100,,True,,158,155,,N07-M0023,,,0,6,,100,157,"[56, 57, 57, 57, 57, 57, 57, 56, 53, 54]",,,,7,,e6408fbb5797b2f2704dd547b06d6576263376320554423c1ee8de31ddc6dc03,,,"[56, 57, 57, 57, 57, 57, 58, 56, 53, 54]","[56, 57, 57, 57, 57, 57, 57, 53, 53, 54]",2026-09-13T14:48:24.755Z
node-7.jsonl,FINAL_SYNC_SEND,,,100,,,,,,,,N07-M0024,158,"[56, 57, 57, 57, 57, 57, 57, 57, 53, 54]",,7,,,,,8,,,,,,e6408fbb5797b2f2704dd547b06d6576263376320554423c1ee8de31ddc6dc03,,,,2026-09-13T14:48:24.759Z
node-8.jsonl,RECEIVE_STATE,,100,,100,,True,,159,134,,N07-M0024,,,0,8,,100,158,"[56, 57, 57, 57, 57, 57, 57, 57, 53, 54]",,,,7,,e6408fbb5797b2f2704dd547b06d6576263376320554423c1ee8de31ddc6dc03,,,"[56, 57, 57, 57, 57, 57, 57, 57, 55, 54]","[52, 53, 53, 53, 53, 53, 53, 53, 54, 53]",2026-09-13T14:48:24.764Z
node-8.jsonl,FINAL_SYNC_SEND,,,100,,,,,,,,N08-M0023,160,"[56, 57, 57, 57, 57, 57, 57, 57, 56, 54]",,8,,,,,7,,,,,,e6408fbb5797b2f2704dd547b06d6576263376320554423c1ee8de31ddc6dc03,,,,2026-09-13T14:48:24.772Z
node-7.jsonl,RECEIVE_STATE,,100,,100,,True,,161,158,,N08-M0023,,,0,7,,100,160,"[56, 57, 57, 57, 57, 57, 57, 57, 56, 54]",,,,8,,e6408fbb5797b2f2704dd547b06d6576263376320554423c1ee8de31ddc6dc03,,,"[56, 57, 57, 57, 57, 57, 57, 58, 56, 54]","[56, 57, 57, 57, 57, 57, 57, 57, 53, 54]",2026-09-13T14:48:24.777Z
node-8.jsonl,FINAL_SYNC_SEND,,,100,,,,,,,,N08-M0024,161,"[56, 57, 57, 57, 57, 57, 57, 57, 57, 54]",,8,,,,,9,,,,,,e6408fbb5797b2f2704dd547b06d6576263376320554423c1ee8de31ddc6dc03,,,,2026-09-13T14:48:24.780Z
node-9.jsonl,RECEIVE_STATE,,100,,100,,True,,162,137,,N08-M0024,,,0,9,,100,161,"[56, 57, 57, 57, 57, 57, 57, 57, 57, 54]",,,,8,,e6408fbb5797b2f2704dd547b06d6576263376320554423c1ee8de31ddc6dc03,,,"[56, 57, 57, 57, 57, 57, 57, 57, 57, 56]","[55, 53, 53, 53, 53, 53, 53, 53, 53, 55]",2026-09-13T14:48:24.785Z
node-9.jsonl,FINAL_SYNC_SEND,,,100,,,,,,,,N09-M0023,163,"[56, 57, 57, 57, 57, 57, 57, 57, 57, 57]",,9,,,,,8,,,,,,e6408fbb5797b2f2704dd547b06d6576263376320554423c1ee8de31ddc6dc03,,,,2026-09-13T14:48:24.791Z
node-8.jsonl,RECEIVE_STATE,,100,,100,,True,,164,161,,N09-M0023,,,0,8,,100,163,"[56, 57, 57, 57, 57, 57, 57, 57, 57, 57]",,,,9,,e6408fbb5797b2f2704dd547b06d6576263376320554423c1ee8de31ddc6dc03,,,"[56, 57, 57, 57, 57, 57, 57, 57, 58, 57]","[56, 57, 57, 57, 57, 57, 57, 57, 57, 54]",2026-09-13T14:48:24.795Z
node-9.jsonl,FINAL_SYNC_SEND,,,100,,,,,,,,N09-M0024,164,"[56, 57, 57, 57, 57, 57, 57, 57, 57, 58]",,9,,,,,0,,,,,,e6408fbb5797b2f2704dd547b06d6576263376320554423c1ee8de31ddc6dc03,,,,2026-09-13T14:48:24.799Z
node-0.jsonl,RECEIVE_STATE,,100,,100,,True,,165,140,,N09-M0024,,,0,0,,100,164,"[56, 57, 57, 57, 57, 57, 57, 57, 57, 58]",,,,9,,e6408fbb5797b2f2704dd547b06d6576263376320554423c1ee8de31ddc6dc03,,,"[58, 57, 57, 57, 57, 57, 57, 57, 57, 58]","[57, 56, 53, 53, 53, 53, 53, 53, 53, 54]",2026-09-13T14:48:24.803Z
node-0.jsonl,FINAL_SYNC_SEND,,,100,,,,,,,,N00-M0025,166,"[59, 57, 57, 57, 57, 57, 57, 57, 57, 58]",,0,,,,,9,,,,,,e6408fbb5797b2f2704dd547b06d6576263376320554423c1ee8de31ddc6dc03,,,,2026-09-13T14:48:26.825Z
node-9.jsonl,RECEIVE_STATE,,100,,100,,True,,167,164,,N00-M0025,,,0,9,,100,166,"[59, 57, 57, 57, 57, 57, 57, 57, 57, 58]",,,,0,,e6408fbb5797b2f2704dd547b06d6576263376320554423c1ee8de31ddc6dc03,,,"[59, 57, 57, 57, 57, 57, 57, 57, 57, 59]","[56, 57, 57, 57, 57, 57, 57, 57, 57, 58]",2026-09-13T14:48:26.832Z
node-0.jsonl,FINAL_SYNC_SEND,,,100,,,,,,,,N00-M0026,167,"[60, 57, 57, 57, 57, 57, 57, 57, 57, 58]",,0,,,,,1,,,,,,e6408fbb5797b2f2704dd547b06d6576263376320554423c1ee8de31ddc6dc03,,,,2026-09-13T14:48:26.837Z
node-1.jsonl,RECEIVE_STATE,,100,,100,,True,,168,143,,N00-M0026,,,0,1,,100,167,"[60, 57, 57, 57, 57, 57, 57, 57, 57, 58]",,,,0,,e6408fbb5797b2f2704dd547b06d6576263376320554423c1ee8de31ddc6dc03,,,"[60, 59, 57, 57, 57, 57, 57, 57, 57, 58]","[56, 58, 56, 53, 53, 53, 53, 53, 53, 54]",2026-09-13T14:48:26.843Z
node-1.jsonl,FINAL_SYNC_SEND,,,100,,,,,,,,N01-M0025,169,"[60, 60, 57, 57, 57, 57, 57, 57, 57, 58]",,1,,,,,0,,,,,,e6408fbb5797b2f2704dd547b06d6576263376320554423c1ee8de31ddc6dc03,,,,2026-09-13T14:48:26.850Z
node-0.jsonl,RECEIVE_STATE,,100,,100,,True,,170,167,,N01-M0025,,,0,0,,100,169,"[60, 60, 57, 57, 57, 57, 57, 57, 57, 58]",,,,1,,e6408fbb5797b2f2704dd547b06d6576263376320554423c1ee8de31ddc6dc03,,,"[61, 60, 57, 57, 57, 57, 57, 57, 57, 58]","[60, 57, 57, 57, 57, 57, 57, 57, 57, 58]",2026-09-13T14:48:26.855Z
node-1.jsonl,FINAL_SYNC_SEND,,,100,,,,,,,,N01-M0026,170,"[60, 61, 57, 57, 57, 57, 57, 57, 57, 58]",,1,,,,,2,,,,,,e6408fbb5797b2f2704dd547b06d6576263376320554423c1ee8de31ddc6dc03,,,,2026-09-13T14:48:26.859Z
node-2.jsonl,RECEIVE_STATE,,100,,100,,True,,171,146,,N01-M0026,,,0,2,,100,170,"[60, 61, 57, 57, 57, 57, 57, 57, 57, 58]",,,,1,,e6408fbb5797b2f2704dd547b06d6576263376320554423c1ee8de31ddc6dc03,,,"[60, 61, 59, 57, 57, 57, 57, 57, 57, 58]","[56, 57, 58, 56, 53, 53, 53, 53, 53, 54]",2026-09-13T14:48:26.864Z
node-2.jsonl,FINAL_SYNC_SEND,,,100,,,,,,,,N02-M0025,172,"[60, 61, 60, 57, 57, 57, 57, 57, 57, 58]",,2,,,,,1,,,,,,e6408fbb5797b2f2704dd547b06d6576263376320554423c1ee8de31ddc6dc03,,,,2026-09-13T14:48:26.894Z
node-1.jsonl,RECEIVE_STATE,,100,,100,,True,,173,170,,N02-M0025,,,0,1,,100,172,"[60, 61, 60, 57, 57, 57, 57, 57, 57, 58]",,,,2,,e6408fbb5797b2f2704dd547b06d6576263376320554423c1ee8de31ddc6dc03,,,"[60, 62, 60, 57, 57, 57, 57, 57, 57, 58]","[60, 61, 57, 57, 57, 57, 57, 57, 57, 58]",2026-09-13T14:48:26.899Z
node-2.jsonl,FINAL_SYNC_SEND,,,100,,,,,,,,N02-M0026,173,"[60, 61, 61, 57, 57, 57, 57, 57, 57, 58]",,2,,,,,3,,,,,,e6408fbb5797b2f2704dd547b06d6576263376320554423c1ee8de31ddc6dc03,,,,2026-09-13T14:48:26.902Z
node-3.jsonl,RECEIVE_STATE,,100,,100,,True,,174,149,,N02-M0026,,,0,3,,100,173,"[60, 61, 61, 57, 57, 57, 57, 57, 57, 58]",,,,2,,e6408fbb5797b2f2704dd547b06d6576263376320554423c1ee8de31ddc6dc03,,,"[60, 61, 61, 59, 57, 57, 57, 57, 57, 58]","[56, 57, 57, 58, 56, 53, 53, 53, 53, 54]",2026-09-13T14:48:26.906Z
node-3.jsonl,FINAL_SYNC_SEND,,,100,,,,,,,,N03-M0025,175,"[60, 61, 61, 60, 57, 57, 57, 57, 57, 58]",,3,,,,,2,,,,,,e6408fbb5797b2f2704dd547b06d6576263376320554423c1ee8de31ddc6dc03,,,,2026-09-13T14:48:26.912Z
node-2.jsonl,RECEIVE_STATE,,100,,100,,True,,176,173,,N03-M0025,,,0,2,,100,175,"[60, 61, 61, 60, 57, 57, 57, 57, 57, 58]",,,,3,,e6408fbb5797b2f2704dd547b06d6576263376320554423c1ee8de31ddc6dc03,,,"[60, 61, 62, 60, 57, 57, 57, 57, 57, 58]","[60, 61, 61, 57, 57, 57, 57, 57, 57, 58]",2026-09-13T14:48:26.916Z
node-3.jsonl,FINAL_SYNC_SEND,,,100,,,,,,,,N03-M0026,176,"[60, 61, 61, 61, 57, 57, 57, 57, 57, 58]",,3,,,,,4,,,,,,e6408fbb5797b2f2704dd547b06d6576263376320554423c1ee8de31ddc6dc03,,,,2026-09-13T14:48:26.919Z
node-4.jsonl,RECEIVE_STATE,,100,,100,,True,,177,152,,N03-M0026,,,0,4,,100,176,"[60, 61, 61, 61, 57, 57, 57, 57, 57, 58]",,,,3,,e6408fbb5797b2f2704dd547b06d6576263376320554423c1ee8de31ddc6dc03,,,"[60, 61, 61, 61, 59, 57, 57, 57, 57, 58]","[56, 57, 57, 57, 58, 56, 53, 53, 53, 54]",2026-09-13T14:48:26.924Z
node-4.jsonl,FINAL_SYNC_SEND,,,100,,,,,,,,N04-M0025,178,"[60, 61, 61, 61, 60, 57, 57, 57, 57, 58]",,4,,,,,3,,,,,,e6408fbb5797b2f2704dd547b06d6576263376320554423c1ee8de31ddc6dc03,,,,2026-09-13T14:48:26.945Z
node-3.jsonl,RECEIVE_STATE,,100,,100,,True,,179,176,,N04-M0025,,,0,3,,100,178,"[60, 61, 61, 61, 60, 57, 57, 57, 57, 58]",,,,4,,e6408fbb5797b2f2704dd547b06d6576263376320554423c1ee8de31ddc6dc03,,,"[60, 61, 61, 62, 60, 57, 57, 57, 57, 58]","[60, 61, 61, 61, 57, 57, 57, 57, 57, 58]",2026-09-13T14:48:26.950Z
node-4.jsonl,FINAL_SYNC_SEND,,,100,,,,,,,,N04-M0026,179,"[60, 61, 61, 61, 61, 57, 57, 57, 57, 58]",,4,,,,,5,,,,,,e6408fbb5797b2f2704dd547b06d6576263376320554423c1ee8de31ddc6dc03,,,,2026-09-13T14:48:26.953Z
node-5.jsonl,RECEIVE_STATE,,100,,100,,True,,180,155,,N04-M0026,,,0,5,,100,179,"[60, 61, 61, 61, 61, 57, 57, 57, 57, 58]",,,,4,,e6408fbb5797b2f2704dd547b06d6576263376320554423c1ee8de31ddc6dc03,,,"[60, 61, 61, 61, 61, 59, 57, 57, 57, 58]","[56, 57, 57, 57, 57, 58, 56, 53, 53, 54]",2026-09-13T14:48:26.957Z
node-5.jsonl,FINAL_SYNC_SEND,,,100,,,,,,,,N05-M0025,181,"[60, 61, 61, 61, 61, 60, 57, 57, 57, 58]",,5,,,,,4,,,,,,e6408fbb5797b2f2704dd547b06d6576263376320554423c1ee8de31ddc6dc03,,,,2026-09-13T14:48:26.964Z
node-4.jsonl,RECEIVE_STATE,,100,,100,,True,,182,179,,N05-M0025,,,0,4,,100,181,"[60, 61, 61, 61, 61, 60, 57, 57, 57, 58]",,,,5,,e6408fbb5797b2f2704dd547b06d6576263376320554423c1ee8de31ddc6dc03,,,"[60, 61, 61, 61, 62, 60, 57, 57, 57, 58]","[60, 61, 61, 61, 61, 57, 57, 57, 57, 58]",2026-09-13T14:48:26.970Z
node-5.jsonl,FINAL_SYNC_SEND,,,100,,,,,,,,N05-M0026,182,"[60, 61, 61, 61, 61, 61, 57, 57, 57, 58]",,5,,,,,6,,,,,,e6408fbb5797b2f2704dd547b06d6576263376320554423c1ee8de31ddc6dc03,,,,2026-09-13T14:48:26.973Z
node-6.jsonl,RECEIVE_STATE,,100,,100,,True,,183,158,,N05-M0026,,,0,6,,100,182,"[60, 61, 61, 61, 61, 61, 57, 57, 57, 58]",,,,5,,e6408fbb5797b2f2704dd547b06d6576263376320554423c1ee8de31ddc6dc03,,,"[60, 61, 61, 61, 61, 61, 59, 57, 57, 58]","[56, 57, 57, 57, 57, 57, 58, 56, 53, 54]",2026-09-13T14:48:26.978Z
node-6.jsonl,FINAL_SYNC_SEND,,,100,,,,,,,,N06-M0025,184,"[60, 61, 61, 61, 61, 61, 60, 57, 57, 58]",,6,,,,,5,,,,,,e6408fbb5797b2f2704dd547b06d6576263376320554423c1ee8de31ddc6dc03,,,,2026-09-13T14:48:26.984Z
node-5.jsonl,RECEIVE_STATE,,100,,100,,True,,185,182,,N06-M0025,,,0,5,,100,184,"[60, 61, 61, 61, 61, 61, 60, 57, 57, 58]",,,,6,,e6408fbb5797b2f2704dd547b06d6576263376320554423c1ee8de31ddc6dc03,,,"[60, 61, 61, 61, 61, 62, 60, 57, 57, 58]","[60, 61, 61, 61, 61, 61, 57, 57, 57, 58]",2026-09-13T14:48:26.988Z
node-6.jsonl,FINAL_SYNC_SEND,,,100,,,,,,,,N06-M0026,185,"[60, 61, 61, 61, 61, 61, 61, 57, 57, 58]",,6,,,,,7,,,,,,e6408fbb5797b2f2704dd547b06d6576263376320554423c1ee8de31ddc6dc03,,,,2026-09-13T14:48:26.992Z
node-7.jsonl,RECEIVE_STATE,,100,,100,,True,,186,161,,N06-M0026,,,0,7,,100,185,"[60, 61, 61, 61, 61, 61, 61, 57, 57, 58]",,,,6,,e6408fbb5797b2f2704dd547b06d6576263376320554423c1ee8de31ddc6dc03,,,"[60, 61, 61, 61, 61, 61, 61, 59, 57, 58]","[56, 57, 57, 57, 57, 57, 57, 58, 56, 54]",2026-09-13T14:48:26.998Z
node-7.jsonl,FINAL_SYNC_SEND,,,100,,,,,,,,N07-M0025,187,"[60, 61, 61, 61, 61, 61, 61, 60, 57, 58]",,7,,,,,6,,,,,,e6408fbb5797b2f2704dd547b06d6576263376320554423c1ee8de31ddc6dc03,,,,2026-09-13T14:48:27.004Z
node-6.jsonl,RECEIVE_STATE,,100,,100,,True,,188,185,,N07-M0025,,,0,6,,100,187,"[60, 61, 61, 61, 61, 61, 61, 60, 57, 58]",,,,7,,e6408fbb5797b2f2704dd547b06d6576263376320554423c1ee8de31ddc6dc03,,,"[60, 61, 61, 61, 61, 61, 62, 60, 57, 58]","[60, 61, 61, 61, 61, 61, 61, 57, 57, 58]",2026-09-13T14:48:27.008Z
node-7.jsonl,FINAL_SYNC_SEND,,,100,,,,,,,,N07-M0026,188,"[60, 61, 61, 61, 61, 61, 61, 61, 57, 58]",,7,,,,,8,,,,,,e6408fbb5797b2f2704dd547b06d6576263376320554423c1ee8de31ddc6dc03,,,,2026-09-13T14:48:27.012Z
node-8.jsonl,RECEIVE_STATE,,100,,100,,True,,189,164,,N07-M0026,,,0,8,,100,188,"[60, 61, 61, 61, 61, 61, 61, 61, 57, 58]",,,,7,,e6408fbb5797b2f2704dd547b06d6576263376320554423c1ee8de31ddc6dc03,,,"[60, 61, 61, 61, 61, 61, 61, 61, 59, 58]","[56, 57, 57, 57, 57, 57, 57, 57, 58, 57]",2026-09-13T14:48:27.019Z
node-8.jsonl,FINAL_SYNC_SEND,,,100,,,,,,,,N08-M0025,190,"[60, 61, 61, 61, 61, 61, 61, 61, 60, 58]",,8,,,,,7,,,,,,e6408fbb5797b2f2704dd547b06d6576263376320554423c1ee8de31ddc6dc03,,,,2026-09-13T14:48:27.046Z
node-7.jsonl,RECEIVE_STATE,,100,,100,,True,,191,188,,N08-M0025,,,0,7,,100,190,"[60, 61, 61, 61, 61, 61, 61, 61, 60, 58]",,,,8,,e6408fbb5797b2f2704dd547b06d6576263376320554423c1ee8de31ddc6dc03,,,"[60, 61, 61, 61, 61, 61, 61, 62, 60, 58]","[60, 61, 61, 61, 61, 61, 61, 61, 57, 58]",2026-09-13T14:48:27.051Z
node-8.jsonl,FINAL_SYNC_SEND,,,100,,,,,,,,N08-M0026,191,"[60, 61, 61, 61, 61, 61, 61, 61, 61, 58]",,8,,,,,9,,,,,,e6408fbb5797b2f2704dd547b06d6576263376320554423c1ee8de31ddc6dc03,,,,2026-09-13T14:48:27.054Z
node-9.jsonl,RECEIVE_STATE,,100,,100,,True,,192,167,,N08-M0026,,,0,9,,100,191,"[60, 61, 61, 61, 61, 61, 61, 61, 61, 58]",,,,8,,e6408fbb5797b2f2704dd547b06d6576263376320554423c1ee8de31ddc6dc03,,,"[60, 61, 61, 61, 61, 61, 61, 61, 61, 60]","[59, 57, 57, 57, 57, 57, 57, 57, 57, 59]",2026-09-13T14:48:27.059Z
node-9.jsonl,FINAL_SYNC_SEND,,,100,,,,,,,,N09-M0025,193,"[60, 61, 61, 61, 61, 61, 61, 61, 61, 61]",,9,,,,,8,,,,,,e6408fbb5797b2f2704dd547b06d6576263376320554423c1ee8de31ddc6dc03,,,,2026-09-13T14:48:27.065Z
node-8.jsonl,RECEIVE_STATE,,100,,100,,True,,194,191,,N09-M0025,,,0,8,,100,193,"[60, 61, 61, 61, 61, 61, 61, 61, 61, 61]",,,,9,,e6408fbb5797b2f2704dd547b06d6576263376320554423c1ee8de31ddc6dc03,,,"[60, 61, 61, 61, 61, 61, 61, 61, 62, 61]","[60, 61, 61, 61, 61, 61, 61, 61, 61, 58]",2026-09-13T14:48:27.069Z
node-9.jsonl,FINAL_SYNC_SEND,,,100,,,,,,,,N09-M0026,194,"[60, 61, 61, 61, 61, 61, 61, 61, 61, 62]",,9,,,,,0,,,,,,e6408fbb5797b2f2704dd547b06d6576263376320554423c1ee8de31ddc6dc03,,,,2026-09-13T14:48:27.072Z
node-0.jsonl,RECEIVE_STATE,,100,,100,,True,,195,170,,N09-M0026,,,0,0,,100,194,"[60, 61, 61, 61, 61, 61, 61, 61, 61, 62]",,,,9,,e6408fbb5797b2f2704dd547b06d6576263376320554423c1ee8de31ddc6dc03,,,"[62, 61, 61, 61, 61, 61, 61, 61, 61, 62]","[61, 60, 57, 57, 57, 57, 57, 57, 57, 58]",2026-09-13T14:48:27.077Z
node-0.jsonl,FINAL_SYNC_SEND,,,100,,,,,,,,N00-M0027,196,"[63, 61, 61, 61, 61, 61, 61, 61, 61, 62]",,0,,,,,9,,,,,,e6408fbb5797b2f2704dd547b06d6576263376320554423c1ee8de31ddc6dc03,,,,2026-09-13T14:48:29.085Z
node-9.jsonl,RECEIVE_STATE,,100,,100,,True,,197,194,,N00-M0027,,,0,9,,100,196,"[63, 61, 61, 61, 61, 61, 61, 61, 61, 62]",,,,0,,e6408fbb5797b2f2704dd547b06d6576263376320554423c1ee8de31ddc6dc03,,,"[63, 61, 61, 61, 61, 61, 61, 61, 61, 63]","[60, 61, 61, 61, 61, 61, 61, 61, 61, 62]",2026-09-13T14:48:29.090Z
node-0.jsonl,FINAL_SYNC_SEND,,,100,,,,,,,,N00-M0028,197,"[64, 61, 61, 61, 61, 61, 61, 61, 61, 62]",,0,,,,,1,,,,,,e6408fbb5797b2f2704dd547b06d6576263376320554423c1ee8de31ddc6dc03,,,,2026-09-13T14:48:29.095Z
node-1.jsonl,RECEIVE_STATE,,100,,100,,True,,198,173,,N00-M0028,,,0,1,,100,197,"[64, 61, 61, 61, 61, 61, 61, 61, 61, 62]",,,,0,,e6408fbb5797b2f2704dd547b06d6576263376320554423c1ee8de31ddc6dc03,,,"[64, 63, 61, 61, 61, 61, 61, 61, 61, 62]","[60, 62, 60, 57, 57, 57, 57, 57, 57, 58]",2026-09-13T14:48:29.100Z
node-1.jsonl,FINAL_SYNC_SEND,,,100,,,,,,,,N01-M0027,199,"[64, 64, 61, 61, 61, 61, 61, 61, 61, 62]",,1,,,,,0,,,,,,e6408fbb5797b2f2704dd547b06d6576263376320554423c1ee8de31ddc6dc03,,,,2026-09-13T14:48:29.107Z
node-0.jsonl,RECEIVE_STATE,,100,,100,,True,,200,197,,N01-M0027,,,0,0,,100,199,"[64, 64, 61, 61, 61, 61, 61, 61, 61, 62]",,,,1,,e6408fbb5797b2f2704dd547b06d6576263376320554423c1ee8de31ddc6dc03,,,"[65, 64, 61, 61, 61, 61, 61, 61, 61, 62]","[64, 61, 61, 61, 61, 61, 61, 61, 61, 62]",2026-09-13T14:48:29.112Z
node-1.jsonl,FINAL_SYNC_SEND,,,100,,,,,,,,N01-M0028,200,"[64, 65, 61, 61, 61, 61, 61, 61, 61, 62]",,1,,,,,2,,,,,,e6408fbb5797b2f2704dd547b06d6576263376320554423c1ee8de31ddc6dc03,,,,2026-09-13T14:48:29.115Z
node-2.jsonl,RECEIVE_STATE,,100,,100,,True,,201,176,,N01-M0028,,,0,2,,100,200,"[64, 65, 61, 61, 61, 61, 61, 61, 61, 62]",,,,1,,e6408fbb5797b2f2704dd547b06d6576263376320554423c1ee8de31ddc6dc03,,,"[64, 65, 63, 61, 61, 61, 61, 61, 61, 62]","[60, 61, 62, 60, 57, 57, 57, 57, 57, 58]",2026-09-13T14:48:29.120Z
node-2.jsonl,FINAL_SYNC_SEND,,,100,,,,,,,,N02-M0027,202,"[64, 65, 64, 61, 61, 61, 61, 61, 61, 62]",,2,,,,,1,,,,,,e6408fbb5797b2f2704dd547b06d6576263376320554423c1ee8de31ddc6dc03,,,,2026-09-13T14:48:29.125Z
node-1.jsonl,RECEIVE_STATE,,100,,100,,True,,203,200,,N02-M0027,,,0,1,,100,202,"[64, 65, 64, 61, 61, 61, 61, 61, 61, 62]",,,,2,,e6408fbb5797b2f2704dd547b06d6576263376320554423c1ee8de31ddc6dc03,,,"[64, 66, 64, 61, 61, 61, 61, 61, 61, 62]","[64, 65, 61, 61, 61, 61, 61, 61, 61, 62]",2026-09-13T14:48:29.131Z
node-2.jsonl,FINAL_SYNC_SEND,,,100,,,,,,,,N02-M0028,203,"[64, 65, 65, 61, 61, 61, 61, 61, 61, 62]",,2,,,,,3,,,,,,e6408fbb5797b2f2704dd547b06d6576263376320554423c1ee8de31ddc6dc03,,,,2026-09-13T14:48:29.135Z
node-3.jsonl,RECEIVE_STATE,,100,,100,,True,,204,179,,N02-M0028,,,0,3,,100,203,"[64, 65, 65, 61, 61, 61, 61, 61, 61, 62]",,,,2,,e6408fbb5797b2f2704dd547b06d6576263376320554423c1ee8de31ddc6dc03,,,"[64, 65, 65, 63, 61, 61, 61, 61, 61, 62]","[60, 61, 61, 62, 60, 57, 57, 57, 57, 58]",2026-09-13T14:48:29.139Z
node-3.jsonl,FINAL_SYNC_SEND,,,100,,,,,,,,N03-M0027,205,"[64, 65, 65, 64, 61, 61, 61, 61, 61, 62]",,3,,,,,2,,,,,,e6408fbb5797b2f2704dd547b06d6576263376320554423c1ee8de31ddc6dc03,,,,2026-09-13T14:48:29.163Z
node-2.jsonl,RECEIVE_STATE,,100,,100,,True,,206,203,,N03-M0027,,,0,2,,100,205,"[64, 65, 65, 64, 61, 61, 61, 61, 61, 62]",,,,3,,e6408fbb5797b2f2704dd547b06d6576263376320554423c1ee8de31ddc6dc03,,,"[64, 65, 66, 64, 61, 61, 61, 61, 61, 62]","[64, 65, 65, 61, 61, 61, 61, 61, 61, 62]",2026-09-13T14:48:29.169Z
node-3.jsonl,FINAL_SYNC_SEND,,,100,,,,,,,,N03-M0028,206,"[64, 65, 65, 65, 61, 61, 61, 61, 61, 62]",,3,,,,,4,,,,,,e6408fbb5797b2f2704dd547b06d6576263376320554423c1ee8de31ddc6dc03,,,,2026-09-13T14:48:29.171Z
node-4.jsonl,RECEIVE_STATE,,100,,100,,True,,207,182,,N03-M0028,,,0,4,,100,206,"[64, 65, 65, 65, 61, 61, 61, 61, 61, 62]",,,,3,,e6408fbb5797b2f2704dd547b06d6576263376320554423c1ee8de31ddc6dc03,,,"[64, 65, 65, 65, 63, 61, 61, 61, 61, 62]","[60, 61, 61, 61, 62, 60, 57, 57, 57, 58]",2026-09-13T14:48:29.177Z
node-4.jsonl,FINAL_SYNC_SEND,,,100,,,,,,,,N04-M0027,208,"[64, 65, 65, 65, 64, 61, 61, 61, 61, 62]",,4,,,,,3,,,,,,e6408fbb5797b2f2704dd547b06d6576263376320554423c1ee8de31ddc6dc03,,,,2026-09-13T14:48:29.184Z
node-3.jsonl,RECEIVE_STATE,,100,,100,,True,,209,206,,N04-M0027,,,0,3,,100,208,"[64, 65, 65, 65, 64, 61, 61, 61, 61, 62]",,,,4,,e6408fbb5797b2f2704dd547b06d6576263376320554423c1ee8de31ddc6dc03,,,"[64, 65, 65, 66, 64, 61, 61, 61, 61, 62]","[64, 65, 65, 65, 61, 61, 61, 61, 61, 62]",2026-09-13T14:48:29.188Z
node-4.jsonl,FINAL_SYNC_SEND,,,100,,,,,,,,N04-M0028,209,"[64, 65, 65, 65, 65, 61, 61, 61, 61, 62]",,4,,,,,5,,,,,,e6408fbb5797b2f2704dd547b06d6576263376320554423c1ee8de31ddc6dc03,,,,2026-09-13T14:48:29.191Z
node-5.jsonl,RECEIVE_STATE,,100,,100,,True,,210,185,,N04-M0028,,,0,5,,100,209,"[64, 65, 65, 65, 65, 61, 61, 61, 61, 62]",,,,4,,e6408fbb5797b2f2704dd547b06d6576263376320554423c1ee8de31ddc6dc03,,,"[64, 65, 65, 65, 65, 63, 61, 61, 61, 62]","[60, 61, 61, 61, 61, 62, 60, 57, 57, 58]",2026-09-13T14:48:29.196Z
node-5.jsonl,FINAL_SYNC_SEND,,,100,,,,,,,,N05-M0027,211,"[64, 65, 65, 65, 65, 64, 61, 61, 61, 62]",,5,,,,,4,,,,,,e6408fbb5797b2f2704dd547b06d6576263376320554423c1ee8de31ddc6dc03,,,,2026-09-13T14:48:29.203Z
node-4.jsonl,RECEIVE_STATE,,100,,100,,True,,212,209,,N05-M0027,,,0,4,,100,211,"[64, 65, 65, 65, 65, 64, 61, 61, 61, 62]",,,,5,,e6408fbb5797b2f2704dd547b06d6576263376320554423c1ee8de31ddc6dc03,,,"[64, 65, 65, 65, 66, 64, 61, 61, 61, 62]","[64, 65, 65, 65, 65, 61, 61, 61, 61, 62]",2026-09-13T14:48:29.207Z
node-5.jsonl,FINAL_SYNC_SEND,,,100,,,,,,,,N05-M0028,212,"[64, 65, 65, 65, 65, 65, 61, 61, 61, 62]",,5,,,,,6,,,,,,e6408fbb5797b2f2704dd547b06d6576263376320554423c1ee8de31ddc6dc03,,,,2026-09-13T14:48:29.210Z
node-6.jsonl,RECEIVE_STATE,,100,,100,,True,,213,188,,N05-M0028,,,0,6,,100,212,"[64, 65, 65, 65, 65, 65, 61, 61, 61, 62]",,,,5,,e6408fbb5797b2f2704dd547b06d6576263376320554423c1ee8de31ddc6dc03,,,"[64, 65, 65, 65, 65, 65, 63, 61, 61, 62]","[60, 61, 61, 61, 61, 61, 62, 60, 57, 58]",2026-09-13T14:48:29.215Z
node-6.jsonl,FINAL_SYNC_SEND,,,100,,,,,,,,N06-M0027,214,"[64, 65, 65, 65, 65, 65, 64, 61, 61, 62]",,6,,,,,5,,,,,,e6408fbb5797b2f2704dd547b06d6576263376320554423c1ee8de31ddc6dc03,,,,2026-09-13T14:48:29.221Z
node-5.jsonl,RECEIVE_STATE,,100,,100,,True,,215,212,,N06-M0027,,,0,5,,100,214,"[64, 65, 65, 65, 65, 65, 64, 61, 61, 62]",,,,6,,e6408fbb5797b2f2704dd547b06d6576263376320554423c1ee8de31ddc6dc03,,,"[64, 65, 65, 65, 65, 66, 64, 61, 61, 62]","[64, 65, 65, 65, 65, 65, 61, 61, 61, 62]",2026-09-13T14:48:29.225Z
node-6.jsonl,FINAL_SYNC_SEND,,,100,,,,,,,,N06-M0028,215,"[64, 65, 65, 65, 65, 65, 65, 61, 61, 62]",,6,,,,,7,,,,,,e6408fbb5797b2f2704dd547b06d6576263376320554423c1ee8de31ddc6dc03,,,,2026-09-13T14:48:29.228Z
node-7.jsonl,RECEIVE_STATE,,100,,100,,True,,216,191,,N06-M0028,,,0,7,,100,215,"[64, 65, 65, 65, 65, 65, 65, 61, 61, 62]",,,,6,,e6408fbb5797b2f2704dd547b06d6576263376320554423c1ee8de31ddc6dc03,,,"[64, 65, 65, 65, 65, 65, 65, 63, 61, 62]","[60, 61, 61, 61, 61, 61, 61, 62, 60, 58]",2026-09-13T14:48:29.232Z
node-7.jsonl,FINAL_SYNC_SEND,,,100,,,,,,,,N07-M0027,217,"[64, 65, 65, 65, 65, 65, 65, 64, 61, 62]",,7,,,,,6,,,,,,e6408fbb5797b2f2704dd547b06d6576263376320554423c1ee8de31ddc6dc03,,,,2026-09-13T14:48:29.237Z
node-6.jsonl,RECEIVE_STATE,,100,,100,,True,,218,215,,N07-M0027,,,0,6,,100,217,"[64, 65, 65, 65, 65, 65, 65, 64, 61, 62]",,,,7,,e6408fbb5797b2f2704dd547b06d6576263376320554423c1ee8de31ddc6dc03,,,"[64, 65, 65, 65, 65, 65, 66, 64, 61, 62]","[64, 65, 65, 65, 65, 65, 65, 61, 61, 62]",2026-09-13T14:48:29.242Z
node-7.jsonl,FINAL_SYNC_SEND,,,100,,,,,,,,N07-M0028,218,"[64, 65, 65, 65, 65, 65, 65, 65, 61, 62]",,7,,,,,8,,,,,,e6408fbb5797b2f2704dd547b06d6576263376320554423c1ee8de31ddc6dc03,,,,2026-09-13T14:48:29.245Z
node-8.jsonl,RECEIVE_STATE,,100,,100,,True,,219,194,,N07-M0028,,,0,8,,100,218,"[64, 65, 65, 65, 65, 65, 65, 65, 61, 62]",,,,7,,e6408fbb5797b2f2704dd547b06d6576263376320554423c1ee8de31ddc6dc03,,,"[64, 65, 65, 65, 65, 65, 65, 65, 63, 62]","[60, 61, 61, 61, 61, 61, 61, 61, 62, 61]",2026-09-13T14:48:29.250Z
node-8.jsonl,FINAL_SYNC_SEND,,,100,,,,,,,,N08-M0027,220,"[64, 65, 65, 65, 65, 65, 65, 65, 64, 62]",,8,,,,,7,,,,,,e6408fbb5797b2f2704dd547b06d6576263376320554423c1ee8de31ddc6dc03,,,,2026-09-13T14:48:29.270Z
node-7.jsonl,RECEIVE_STATE,,100,,100,,True,,221,218,,N08-M0027,,,0,7,,100,220,"[64, 65, 65, 65, 65, 65, 65, 65, 64, 62]",,,,8,,e6408fbb5797b2f2704dd547b06d6576263376320554423c1ee8de31ddc6dc03,,,"[64, 65, 65, 65, 65, 65, 65, 66, 64, 62]","[64, 65, 65, 65, 65, 65, 65, 65, 61, 62]",2026-09-13T14:48:29.274Z
node-8.jsonl,FINAL_SYNC_SEND,,,100,,,,,,,,N08-M0028,221,"[64, 65, 65, 65, 65, 65, 65, 65, 65, 62]",,8,,,,,9,,,,,,e6408fbb5797b2f2704dd547b06d6576263376320554423c1ee8de31ddc6dc03,,,,2026-09-13T14:48:29.279Z
node-9.jsonl,RECEIVE_STATE,,100,,100,,True,,222,197,,N08-M0028,,,0,9,,100,221,"[64, 65, 65, 65, 65, 65, 65, 65, 65, 62]",,,,8,,e6408fbb5797b2f2704dd547b06d6576263376320554423c1ee8de31ddc6dc03,,,"[64, 65, 65, 65, 65, 65, 65, 65, 65, 64]","[63, 61, 61, 61, 61, 61, 61, 61, 61, 63]",2026-09-13T14:48:29.285Z
node-9.jsonl,FINAL_SYNC_SEND,,,100,,,,,,,,N09-M0027,223,"[64, 65, 65, 65, 65, 65, 65, 65, 65, 65]",,9,,,,,8,,,,,,e6408fbb5797b2f2704dd547b06d6576263376320554423c1ee8de31ddc6dc03,,,,2026-09-13T14:48:29.291Z
node-8.jsonl,RECEIVE_STATE,,100,,100,,True,,224,221,,N09-M0027,,,0,8,,100,223,"[64, 65, 65, 65, 65, 65, 65, 65, 65, 65]",,,,9,,e6408fbb5797b2f2704dd547b06d6576263376320554423c1ee8de31ddc6dc03,,,"[64, 65, 65, 65, 65, 65, 65, 65, 66, 65]","[64, 65, 65, 65, 65, 65, 65, 65, 65, 62]",2026-09-13T14:48:29.296Z
node-9.jsonl,FINAL_SYNC_SEND,,,100,,,,,,,,N09-M0028,224,"[64, 65, 65, 65, 65, 65, 65, 65, 65, 66]",,9,,,,,0,,,,,,e6408fbb5797b2f2704dd547b06d6576263376320554423c1ee8de31ddc6dc03,,,,2026-09-13T14:48:29.299Z
node-0.jsonl,RECEIVE_STATE,,100,,100,,True,,225,200,,N09-M0028,,,0,0,,100,224,"[64, 65, 65, 65, 65, 65, 65, 65, 65, 66]",,,,9,,e6408fbb5797b2f2704dd547b06d6576263376320554423c1ee8de31ddc6dc03,,,"[66, 65, 65, 65, 65, 65, 65, 65, 65, 66]","[65, 64, 61, 61, 61, 61, 61, 61, 61, 62]",2026-09-13T14:48:29.304Z
node-0.jsonl,FINAL_SYNC_SEND,,,100,,,,,,,,N00-M0029,226,"[67, 65, 65, 65, 65, 65, 65, 65, 65, 66]",,0,,,,,9,,,,,,e6408fbb5797b2f2704dd547b06d6576263376320554423c1ee8de31ddc6dc03,,,,2026-09-13T14:48:31.312Z
node-9.jsonl,RECEIVE_STATE,,100,,100,,True,,227,224,,N00-M0029,,,0,9,,100,226,"[67, 65, 65, 65, 65, 65, 65, 65, 65, 66]",,,,0,,e6408fbb5797b2f2704dd547b06d6576263376320554423c1ee8de31ddc6dc03,,,"[67, 65, 65, 65, 65, 65, 65, 65, 65, 67]","[64, 65, 65, 65, 65, 65, 65, 65, 65, 66]",2026-09-13T14:48:31.320Z
node-0.jsonl,FINAL_SYNC_SEND,,,100,,,,,,,,N00-M0030,227,"[68, 65, 65, 65, 65, 65, 65, 65, 65, 66]",,0,,,,,1,,,,,,e6408fbb5797b2f2704dd547b06d6576263376320554423c1ee8de31ddc6dc03,,,,2026-09-13T14:48:31.323Z
node-1.jsonl,RECEIVE_STATE,,100,,100,,True,,228,203,,N00-M0030,,,0,1,,100,227,"[68, 65, 65, 65, 65, 65, 65, 65, 65, 66]",,,,0,,e6408fbb5797b2f2704dd547b06d6576263376320554423c1ee8de31ddc6dc03,,,"[68, 67, 65, 65, 65, 65, 65, 65, 65, 66]","[64, 66, 64, 61, 61, 61, 61, 61, 61, 62]",2026-09-13T14:48:31.329Z
node-1.jsonl,FINAL_SYNC_SEND,,,100,,,,,,,,N01-M0029,229,"[68, 68, 65, 65, 65, 65, 65, 65, 65, 66]",,1,,,,,0,,,,,,e6408fbb5797b2f2704dd547b06d6576263376320554423c1ee8de31ddc6dc03,,,,2026-09-13T14:48:31.334Z
node-0.jsonl,RECEIVE_STATE,,100,,100,,True,,230,227,,N01-M0029,,,0,0,,100,229,"[68, 68, 65, 65, 65, 65, 65, 65, 65, 66]",,,,1,,e6408fbb5797b2f2704dd547b06d6576263376320554423c1ee8de31ddc6dc03,,,"[69, 68, 65, 65, 65, 65, 65, 65, 65, 66]","[68, 65, 65, 65, 65, 65, 65, 65, 65, 66]",2026-09-13T14:48:31.338Z
node-1.jsonl,FINAL_SYNC_SEND,,,100,,,,,,,,N01-M0030,230,"[68, 69, 65, 65, 65, 65, 65, 65, 65, 66]",,1,,,,,2,,,,,,e6408fbb5797b2f2704dd547b06d6576263376320554423c1ee8de31ddc6dc03,,,,2026-09-13T14:48:31.343Z
node-2.jsonl,RECEIVE_STATE,,100,,100,,True,,231,206,,N01-M0030,,,0,2,,100,230,"[68, 69, 65, 65, 65, 65, 65, 65, 65, 66]",,,,1,,e6408fbb5797b2f2704dd547b06d6576263376320554423c1ee8de31ddc6dc03,,,"[68, 69, 67, 65, 65, 65, 65, 65, 65, 66]","[64, 65, 66, 64, 61, 61, 61, 61, 61, 62]",2026-09-13T14:48:31.351Z
node-2.jsonl,FINAL_SYNC_SEND,,,100,,,,,,,,N02-M0029,232,"[68, 69, 68, 65, 65, 65, 65, 65, 65, 66]",,2,,,,,1,,,,,,e6408fbb5797b2f2704dd547b06d6576263376320554423c1ee8de31ddc6dc03,,,,2026-09-13T14:48:31.358Z
node-1.jsonl,RECEIVE_STATE,,100,,100,,True,,233,230,,N02-M0029,,,0,1,,100,232,"[68, 69, 68, 65, 65, 65, 65, 65, 65, 66]",,,,2,,e6408fbb5797b2f2704dd547b06d6576263376320554423c1ee8de31ddc6dc03,,,"[68, 70, 68, 65, 65, 65, 65, 65, 65, 66]","[68, 69, 65, 65, 65, 65, 65, 65, 65, 66]",2026-09-13T14:48:31.362Z
node-2.jsonl,FINAL_SYNC_SEND,,,100,,,,,,,,N02-M0030,233,"[68, 69, 69, 65, 65, 65, 65, 65, 65, 66]",,2,,,,,3,,,,,,e6408fbb5797b2f2704dd547b06d6576263376320554423c1ee8de31ddc6dc03,,,,2026-09-13T14:48:31.365Z
node-3.jsonl,RECEIVE_STATE,,100,,100,,True,,234,209,,N02-M0030,,,0,3,,100,233,"[68, 69, 69, 65, 65, 65, 65, 65, 65, 66]",,,,2,,e6408fbb5797b2f2704dd547b06d6576263376320554423c1ee8de31ddc6dc03,,,"[68, 69, 69, 67, 65, 65, 65, 65, 65, 66]","[64, 65, 65, 66, 64, 61, 61, 61, 61, 62]",2026-09-13T14:48:31.370Z
node-3.jsonl,FINAL_SYNC_SEND,,,100,,,,,,,,N03-M0029,235,"[68, 69, 69, 68, 65, 65, 65, 65, 65, 66]",,3,,,,,2,,,,,,e6408fbb5797b2f2704dd547b06d6576263376320554423c1ee8de31ddc6dc03,,,,2026-09-13T14:48:31.375Z
node-2.jsonl,RECEIVE_STATE,,100,,100,,True,,236,233,,N03-M0029,,,0,2,,100,235,"[68, 69, 69, 68, 65, 65, 65, 65, 65, 66]",,,,3,,e6408fbb5797b2f2704dd547b06d6576263376320554423c1ee8de31ddc6dc03,,,"[68, 69, 70, 68, 65, 65, 65, 65, 65, 66]","[68, 69, 69, 65, 65, 65, 65, 65, 65, 66]",2026-09-13T14:48:31.380Z
node-3.jsonl,FINAL_SYNC_SEND,,,100,,,,,,,,N03-M0030,236,"[68, 69, 69, 69, 65, 65, 65, 65, 65, 66]",,3,,,,,4,,,,,,e6408fbb5797b2f2704dd547b06d6576263376320554423c1ee8de31ddc6dc03,,,,2026-09-13T14:48:31.384Z
node-4.jsonl,RECEIVE_STATE,,100,,100,,True,,237,212,,N03-M0030,,,0,4,,100,236,"[68, 69, 69, 69, 65, 65, 65, 65, 65, 66]",,,,3,,e6408fbb5797b2f2704dd547b06d6576263376320554423c1ee8de31ddc6dc03,,,"[68, 69, 69, 69, 67, 65, 65, 65, 65, 66]","[64, 65, 65, 65, 66, 64, 61, 61, 61, 62]",2026-09-13T14:48:31.388Z
node-4.jsonl,FINAL_SYNC_SEND,,,100,,,,,,,,N04-M0029,238,"[68, 69, 69, 69, 68, 65, 65, 65, 65, 66]",,4,,,,,3,,,,,,e6408fbb5797b2f2704dd547b06d6576263376320554423c1ee8de31ddc6dc03,,,,2026-09-13T14:48:31.395Z
node-3.jsonl,RECEIVE_STATE,,100,,100,,True,,239,236,,N04-M0029,,,0,3,,100,238,"[68, 69, 69, 69, 68, 65, 65, 65, 65, 66]",,,,4,,e6408fbb5797b2f2704dd547b06d6576263376320554423c1ee8de31ddc6dc03,,,"[68, 69, 69, 70, 68, 65, 65, 65, 65, 66]","[68, 69, 69, 69, 65, 65, 65, 65, 65, 66]",2026-09-13T14:48:31.400Z
node-4.jsonl,FINAL_SYNC_SEND,,,100,,,,,,,,N04-M0030,239,"[68, 69, 69, 69, 69, 65, 65, 65, 65, 66]",,4,,,,,5,,,,,,e6408fbb5797b2f2704dd547b06d6576263376320554423c1ee8de31ddc6dc03,,,,2026-09-13T14:48:31.402Z
node-5.jsonl,RECEIVE_STATE,,100,,100,,True,,240,215,,N04-M0030,,,0,5,,100,239,"[68, 69, 69, 69, 69, 65, 65, 65, 65, 66]",,,,4,,e6408fbb5797b2f2704dd547b06d6576263376320554423c1ee8de31ddc6dc03,,,"[68, 69, 69, 69, 69, 67, 65, 65, 65, 66]","[64, 65, 65, 65, 65, 66, 64, 61, 61, 62]",2026-09-13T14:48:31.407Z
node-5.jsonl,FINAL_SYNC_SEND,,,100,,,,,,,,N05-M0029,241,"[68, 69, 69, 69, 69, 68, 65, 65, 65, 66]",,5,,,,,4,,,,,,e6408fbb5797b2f2704dd547b06d6576263376320554423c1ee8de31ddc6dc03,,,,2026-09-13T14:48:31.413Z
node-4.jsonl,RECEIVE_STATE,,100,,100,,True,,242,239,,N05-M0029,,,0,4,,100,241,"[68, 69, 69, 69, 69, 68, 65, 65, 65, 66]",,,,5,,e6408fbb5797b2f2704dd547b06d6576263376320554423c1ee8de31ddc6dc03,,,"[68, 69, 69, 69, 70, 68, 65, 65, 65, 66]","[68, 69, 69, 69, 69, 65, 65, 65, 65, 66]",2026-09-13T14:48:31.417Z
node-5.jsonl,FINAL_SYNC_SEND,,,100,,,,,,,,N05-M0030,242,"[68, 69, 69, 69, 69, 69, 65, 65, 65, 66]",,5,,,,,6,,,,,,e6408fbb5797b2f2704dd547b06d6576263376320554423c1ee8de31ddc6dc03,,,,2026-09-13T14:48:31.420Z
node-6.jsonl,RECEIVE_STATE,,100,,100,,True,,243,218,,N05-M0030,,,0,6,,100,242,"[68, 69, 69, 69, 69, 69, 65, 65, 65, 66]",,,,5,,e6408fbb5797b2f2704dd547b06d6576263376320554423c1ee8de31ddc6dc03,,,"[68, 69, 69, 69, 69, 69, 67, 65, 65, 66]","[64, 65, 65, 65, 65, 65, 66, 64, 61, 62]",2026-09-13T14:48:31.424Z
node-6.jsonl,FINAL_SYNC_SEND,,,100,,,,,,,,N06-M0029,244,"[68, 69, 69, 69, 69, 69, 68, 65, 65, 66]",,6,,,,,5,,,,,,e6408fbb5797b2f2704dd547b06d6576263376320554423c1ee8de31ddc6dc03,,,,2026-09-13T14:48:31.431Z
node-5.jsonl,RECEIVE_STATE,,100,,100,,True,,245,242,,N06-M0029,,,0,5,,100,244,"[68, 69, 69, 69, 69, 69, 68, 65, 65, 66]",,,,6,,e6408fbb5797b2f2704dd547b06d6576263376320554423c1ee8de31ddc6dc03,,,"[68, 69, 69, 69, 69, 70, 68, 65, 65, 66]","[68, 69, 69, 69, 69, 69, 65, 65, 65, 66]",2026-09-13T14:48:31.437Z
node-6.jsonl,FINAL_SYNC_SEND,,,100,,,,,,,,N06-M0030,245,"[68, 69, 69, 69, 69, 69, 69, 65, 65, 66]",,6,,,,,7,,,,,,e6408fbb5797b2f2704dd547b06d6576263376320554423c1ee8de31ddc6dc03,,,,2026-09-13T14:48:31.440Z
node-7.jsonl,RECEIVE_STATE,,100,,100,,True,,246,221,,N06-M0030,,,0,7,,100,245,"[68, 69, 69, 69, 69, 69, 69, 65, 65, 66]",,,,6,,e6408fbb5797b2f2704dd547b06d6576263376320554423c1ee8de31ddc6dc03,,,"[68, 69, 69, 69, 69, 69, 69, 67, 65, 66]","[64, 65, 65, 65, 65, 65, 65, 66, 64, 62]",2026-09-13T14:48:31.445Z
node-7.jsonl,FINAL_SYNC_SEND,,,100,,,,,,,,N07-M0029,247,"[68, 69, 69, 69, 69, 69, 69, 68, 65, 66]",,7,,,,,6,,,,,,e6408fbb5797b2f2704dd547b06d6576263376320554423c1ee8de31ddc6dc03,,,,2026-09-13T14:48:31.451Z
node-6.jsonl,RECEIVE_STATE,,100,,100,,True,,248,245,,N07-M0029,,,0,6,,100,247,"[68, 69, 69, 69, 69, 69, 69, 68, 65, 66]",,,,7,,e6408fbb5797b2f2704dd547b06d6576263376320554423c1ee8de31ddc6dc03,,,"[68, 69, 69, 69, 69, 69, 70, 68, 65, 66]","[68, 69, 69, 69, 69, 69, 69, 65, 65, 66]",2026-09-13T14:48:31.455Z
node-7.jsonl,FINAL_SYNC_SEND,,,100,,,,,,,,N07-M0030,248,"[68, 69, 69, 69, 69, 69, 69, 69, 65, 66]",,7,,,,,8,,,,,,e6408fbb5797b2f2704dd547b06d6576263376320554423c1ee8de31ddc6dc03,,,,2026-09-13T14:48:31.459Z
node-8.jsonl,RECEIVE_STATE,,100,,100,,True,,249,224,,N07-M0030,,,0,8,,100,248,"[68, 69, 69, 69, 69, 69, 69, 69, 65, 66]",,,,7,,e6408fbb5797b2f2704dd547b06d6576263376320554423c1ee8de31ddc6dc03,,,"[68, 69, 69, 69, 69, 69, 69, 69, 67, 66]","[64, 65, 65, 65, 65, 65, 65, 65, 66, 65]",2026-09-13T14:48:31.464Z
node-8.jsonl,FINAL_SYNC_SEND,,,100,,,,,,,,N08-M0029,250,"[68, 69, 69, 69, 69, 69, 69, 69, 68, 66]",,8,,,,,7,,,,,,e6408fbb5797b2f2704dd547b06d6576263376320554423c1ee8de31ddc6dc03,,,,2026-09-13T14:48:31.471Z
node-7.jsonl,RECEIVE_STATE,,100,,100,,True,,251,248,,N08-M0029,,,0,7,,100,250,"[68, 69, 69, 69, 69, 69, 69, 69, 68, 66]",,,,8,,e6408fbb5797b2f2704dd547b06d6576263376320554423c1ee8de31ddc6dc03,,,"[68, 69, 69, 69, 69, 69, 69, 70, 68, 66]","[68, 69, 69, 69, 69, 69, 69, 69, 65, 66]",2026-09-13T14:48:31.477Z
node-8.jsonl,FINAL_SYNC_SEND,,,100,,,,,,,,N08-M0030,251,"[68, 69, 69, 69, 69, 69, 69, 69, 69, 66]",,8,,,,,9,,,,,,e6408fbb5797b2f2704dd547b06d6576263376320554423c1ee8de31ddc6dc03,,,,2026-09-13T14:48:31.481Z
node-9.jsonl,RECEIVE_STATE,,100,,100,,True,,252,227,,N08-M0030,,,0,9,,100,251,"[68, 69, 69, 69, 69, 69, 69, 69, 69, 66]",,,,8,,e6408fbb5797b2f2704dd547b06d6576263376320554423c1ee8de31ddc6dc03,,,"[68, 69, 69, 69, 69, 69, 69, 69, 69, 68]","[67, 65, 65, 65, 65, 65, 65, 65, 65, 67]",2026-09-13T14:48:31.485Z
node-9.jsonl,FINAL_SYNC_SEND,,,100,,,,,,,,N09-M0029,253,"[68, 69, 69, 69, 69, 69, 69, 69, 69, 69]",,9,,,,,8,,,,,,e6408fbb5797b2f2704dd547b06d6576263376320554423c1ee8de31ddc6dc03,,,,2026-09-13T14:48:31.491Z
node-8.jsonl,RECEIVE_STATE,,100,,100,,True,,254,251,,N09-M0029,,,0,8,,100,253,"[68, 69, 69, 69, 69, 69, 69, 69, 69, 69]",,,,9,,e6408fbb5797b2f2704dd547b06d6576263376320554423c1ee8de31ddc6dc03,,,"[68, 69, 69, 69, 69, 69, 69, 69, 70, 69]","[68, 69, 69, 69, 69, 69, 69, 69, 69, 66]",2026-09-13T14:48:31.496Z
node-9.jsonl,FINAL_SYNC_SEND,,,100,,,,,,,,N09-M0030,254,"[68, 69, 69, 69, 69, 69, 69, 69, 69, 70]",,9,,,,,0,,,,,,e6408fbb5797b2f2704dd547b06d6576263376320554423c1ee8de31ddc6dc03,,,,2026-09-13T14:48:31.500Z
node-0.jsonl,RECEIVE_STATE,,100,,100,,True,,255,230,,N09-M0030,,,0,0,,100,254,"[68, 69, 69, 69, 69, 69, 69, 69, 69, 70]",,,,9,,e6408fbb5797b2f2704dd547b06d6576263376320554423c1ee8de31ddc6dc03,,,"[70, 69, 69, 69, 69, 69, 69, 69, 69, 70]","[69, 68, 65, 65, 65, 65, 65, 65, 65, 66]",2026-09-13T14:48:31.504Z
node-0.jsonl,FINAL_SYNC_SEND,,,100,,,,,,,,N00-M0031,256,"[71, 69, 69, 69, 69, 69, 69, 69, 69, 70]",,0,,,,,9,,,,,,e6408fbb5797b2f2704dd547b06d6576263376320554423c1ee8de31ddc6dc03,,,,2026-09-13T14:48:33.516Z
node-9.jsonl,RECEIVE_STATE,,100,,100,,True,,257,254,,N00-M0031,,,0,9,,100,256,"[71, 69, 69, 69, 69, 69, 69, 69, 69, 70]",,,,0,,e6408fbb5797b2f2704dd547b06d6576263376320554423c1ee8de31ddc6dc03,,,"[71, 69, 69, 69, 69, 69, 69, 69, 69, 71]","[68, 69, 69, 69, 69, 69, 69, 69, 69, 70]",2026-09-13T14:48:33.523Z
node-0.jsonl,FINAL_SYNC_SEND,,,100,,,,,,,,N00-M0032,257,"[72, 69, 69, 69, 69, 69, 69, 69, 69, 70]",,0,,,,,1,,,,,,e6408fbb5797b2f2704dd547b06d6576263376320554423c1ee8de31ddc6dc03,,,,2026-09-13T14:48:33.526Z
node-1.jsonl,RECEIVE_STATE,,100,,100,,True,,258,233,,N00-M0032,,,0,1,,100,257,"[72, 69, 69, 69, 69, 69, 69, 69, 69, 70]",,,,0,,e6408fbb5797b2f2704dd547b06d6576263376320554423c1ee8de31ddc6dc03,,,"[72, 71, 69, 69, 69, 69, 69, 69, 69, 70]","[68, 70, 68, 65, 65, 65, 65, 65, 65, 66]",2026-09-13T14:48:33.532Z
node-1.jsonl,FINAL_SYNC_SEND,,,100,,,,,,,,N01-M0031,259,"[72, 72, 69, 69, 69, 69, 69, 69, 69, 70]",,1,,,,,0,,,,,,e6408fbb5797b2f2704dd547b06d6576263376320554423c1ee8de31ddc6dc03,,,,2026-09-13T14:48:33.538Z
node-0.jsonl,RECEIVE_STATE,,100,,100,,True,,260,257,,N01-M0031,,,0,0,,100,259,"[72, 72, 69, 69, 69, 69, 69, 69, 69, 70]",,,,1,,e6408fbb5797b2f2704dd547b06d6576263376320554423c1ee8de31ddc6dc03,,,"[73, 72, 69, 69, 69, 69, 69, 69, 69, 70]","[72, 69, 69, 69, 69, 69, 69, 69, 69, 70]",2026-09-13T14:48:33.543Z
node-1.jsonl,FINAL_SYNC_SEND,,,100,,,,,,,,N01-M0032,260,"[72, 73, 69, 69, 69, 69, 69, 69, 69, 70]",,1,,,,,2,,,,,,e6408fbb5797b2f2704dd547b06d6576263376320554423c1ee8de31ddc6dc03,,,,2026-09-13T14:48:33.546Z
node-2.jsonl,RECEIVE_STATE,,100,,100,,True,,261,236,,N01-M0032,,,0,2,,100,260,"[72, 73, 69, 69, 69, 69, 69, 69, 69, 70]",,,,1,,e6408fbb5797b2f2704dd547b06d6576263376320554423c1ee8de31ddc6dc03,,,"[72, 73, 71, 69, 69, 69, 69, 69, 69, 70]","[68, 69, 70, 68, 65, 65, 65, 65, 65, 66]",2026-09-13T14:48:33.551Z
node-2.jsonl,FINAL_SYNC_SEND,,,100,,,,,,,,N02-M0031,262,"[72, 73, 72, 69, 69, 69, 69, 69, 69, 70]",,2,,,,,1,,,,,,e6408fbb5797b2f2704dd547b06d6576263376320554423c1ee8de31ddc6dc03,,,,2026-09-13T14:48:33.557Z
node-1.jsonl,RECEIVE_STATE,,100,,100,,True,,263,260,,N02-M0031,,,0,1,,100,262,"[72, 73, 72, 69, 69, 69, 69, 69, 69, 70]",,,,2,,e6408fbb5797b2f2704dd547b06d6576263376320554423c1ee8de31ddc6dc03,,,"[72, 74, 72, 69, 69, 69, 69, 69, 69, 70]","[72, 73, 69, 69, 69, 69, 69, 69, 69, 70]",2026-09-13T14:48:33.561Z
node-2.jsonl,FINAL_SYNC_SEND,,,100,,,,,,,,N02-M0032,263,"[72, 73, 73, 69, 69, 69, 69, 69, 69, 70]",,2,,,,,3,,,,,,e6408fbb5797b2f2704dd547b06d6576263376320554423c1ee8de31ddc6dc03,,,,2026-09-13T14:48:33.564Z
node-3.jsonl,RECEIVE_STATE,,100,,100,,True,,264,239,,N02-M0032,,,0,3,,100,263,"[72, 73, 73, 69, 69, 69, 69, 69, 69, 70]",,,,2,,e6408fbb5797b2f2704dd547b06d6576263376320554423c1ee8de31ddc6dc03,,,"[72, 73, 73, 71, 69, 69, 69, 69, 69, 70]","[68, 69, 69, 70, 68, 65, 65, 65, 65, 66]",2026-09-13T14:48:33.569Z
node-3.jsonl,FINAL_SYNC_SEND,,,100,,,,,,,,N03-M0031,265,"[72, 73, 73, 72, 69, 69, 69, 69, 69, 70]",,3,,,,,2,,,,,,e6408fbb5797b2f2704dd547b06d6576263376320554423c1ee8de31ddc6dc03,,,,2026-09-13T14:48:33.574Z
node-2.jsonl,RECEIVE_STATE,,100,,100,,True,,266,263,,N03-M0031,,,0,2,,100,265,"[72, 73, 73, 72, 69, 69, 69, 69, 69, 70]",,,,3,,e6408fbb5797b2f2704dd547b06d6576263376320554423c1ee8de31ddc6dc03,,,"[72, 73, 74, 72, 69, 69, 69, 69, 69, 70]","[72, 73, 73, 69, 69, 69, 69, 69, 69, 70]",2026-09-13T14:48:33.580Z
node-3.jsonl,FINAL_SYNC_SEND,,,100,,,,,,,,N03-M0032,266,"[72, 73, 73, 73, 69, 69, 69, 69, 69, 70]",,3,,,,,4,,,,,,e6408fbb5797b2f2704dd547b06d6576263376320554423c1ee8de31ddc6dc03,,,,2026-09-13T14:48:33.583Z
node-4.jsonl,RECEIVE_STATE,,100,,100,,True,,267,242,,N03-M0032,,,0,4,,100,266,"[72, 73, 73, 73, 69, 69, 69, 69, 69, 70]",,,,3,,e6408fbb5797b2f2704dd547b06d6576263376320554423c1ee8de31ddc6dc03,,,"[72, 73, 73, 73, 71, 69, 69, 69, 69, 70]","[68, 69, 69, 69, 70, 68, 65, 65, 65, 66]",2026-09-13T14:48:33.589Z
node-4.jsonl,FINAL_SYNC_SEND,,,100,,,,,,,,N04-M0031,268,"[72, 73, 73, 73, 72, 69, 69, 69, 69, 70]",,4,,,,,3,,,,,,e6408fbb5797b2f2704dd547b06d6576263376320554423c1ee8de31ddc6dc03,,,,2026-09-13T14:48:33.596Z
node-3.jsonl,RECEIVE_STATE,,100,,100,,True,,269,266,,N04-M0031,,,0,3,,100,268,"[72, 73, 73, 73, 72, 69, 69, 69, 69, 70]",,,,4,,e6408fbb5797b2f2704dd547b06d6576263376320554423c1ee8de31ddc6dc03,,,"[72, 73, 73, 74, 72, 69, 69, 69, 69, 70]","[72, 73, 73, 73, 69, 69, 69, 69, 69, 70]",2026-09-13T14:48:33.601Z
node-4.jsonl,FINAL_SYNC_SEND,,,100,,,,,,,,N04-M0032,269,"[72, 73, 73, 73, 73, 69, 69, 69, 69, 70]",,4,,,,,5,,,,,,e6408fbb5797b2f2704dd547b06d6576263376320554423c1ee8de31ddc6dc03,,,,2026-09-13T14:48:33.604Z
node-5.jsonl,RECEIVE_STATE,,100,,100,,True,,270,245,,N04-M0032,,,0,5,,100,269,"[72, 73, 73, 73, 73, 69, 69, 69, 69, 70]",,,,4,,e6408fbb5797b2f2704dd547b06d6576263376320554423c1ee8de31ddc6dc03,,,"[72, 73, 73, 73, 73, 71, 69, 69, 69, 70]","[68, 69, 69, 69, 69, 70, 68, 65, 65, 66]",2026-09-13T14:48:33.608Z
node-5.jsonl,FINAL_SYNC_SEND,,,100,,,,,,,,N05-M0031,271,"[72, 73, 73, 73, 73, 72, 69, 69, 69, 70]",,5,,,,,4,,,,,,e6408fbb5797b2f2704dd547b06d6576263376320554423c1ee8de31ddc6dc03,,,,2026-09-13T14:48:33.614Z
node-4.jsonl,RECEIVE_STATE,,100,,100,,True,,272,269,,N05-M0031,,,0,4,,100,271,"[72, 73, 73, 73, 73, 72, 69, 69, 69, 70]",,,,5,,e6408fbb5797b2f2704dd547b06d6576263376320554423c1ee8de31ddc6dc03,,,"[72, 73, 73, 73, 74, 72, 69, 69, 69, 70]","[72, 73, 73, 73, 73, 69, 69, 69, 69, 70]",2026-09-13T14:48:33.618Z
node-5.jsonl,FINAL_SYNC_SEND,,,100,,,,,,,,N05-M0032,272,"[72, 73, 73, 73, 73, 73, 69, 69, 69, 70]",,5,,,,,6,,,,,,e6408fbb5797b2f2704dd547b06d6576263376320554423c1ee8de31ddc6dc03,,,,2026-09-13T14:48:33.621Z
node-6.jsonl,RECEIVE_STATE,,100,,100,,True,,273,248,,N05-M0032,,,0,6,,100,272,"[72, 73, 73, 73, 73, 73, 69, 69, 69, 70]",,,,5,,e6408fbb5797b2f2704dd547b06d6576263376320554423c1ee8de31ddc6dc03,,,"[72, 73, 73, 73, 73, 73, 71, 69, 69, 70]","[68, 69, 69, 69, 69, 69, 70, 68, 65, 66]",2026-09-13T14:48:33.626Z
node-6.jsonl,FINAL_SYNC_SEND,,,100,,,,,,,,N06-M0031,274,"[72, 73, 73, 73, 73, 73, 72, 69, 69, 70]",,6,,,,,5,,,,,,e6408fbb5797b2f2704dd547b06d6576263376320554423c1ee8de31ddc6dc03,,,,2026-09-13T14:48:33.632Z
node-5.jsonl,RECEIVE_STATE,,100,,100,,True,,275,272,,N06-M0031,,,0,5,,100,274,"[72, 73, 73, 73, 73, 73, 72, 69, 69, 70]",,,,6,,e6408fbb5797b2f2704dd547b06d6576263376320554423c1ee8de31ddc6dc03,,,"[72, 73, 73, 73, 73, 74, 72, 69, 69, 70]","[72, 73, 73, 73, 73, 73, 69, 69, 69, 70]",2026-09-13T14:48:33.636Z
node-6.jsonl,FINAL_SYNC_SEND,,,100,,,,,,,,N06-M0032,275,"[72, 73, 73, 73, 73, 73, 73, 69, 69, 70]",,6,,,,,7,,,,,,e6408fbb5797b2f2704dd547b06d6576263376320554423c1ee8de31ddc6dc03,,,,2026-09-13T14:48:33.639Z
node-7.jsonl,RECEIVE_STATE,,100,,100,,True,,276,251,,N06-M0032,,,0,7,,100,275,"[72, 73, 73, 73, 73, 73, 73, 69, 69, 70]",,,,6,,e6408fbb5797b2f2704dd547b06d6576263376320554423c1ee8de31ddc6dc03,,,"[72, 73, 73, 73, 73, 73, 73, 71, 69, 70]","[68, 69, 69, 69, 69, 69, 69, 70, 68, 66]",2026-09-13T14:48:33.646Z
node-7.jsonl,FINAL_SYNC_SEND,,,100,,,,,,,,N07-M0031,277,"[72, 73, 73, 73, 73, 73, 73, 72, 69, 70]",,7,,,,,6,,,,,,e6408fbb5797b2f2704dd547b06d6576263376320554423c1ee8de31ddc6dc03,,,,2026-09-13T14:48:33.654Z
node-6.jsonl,RECEIVE_STATE,,100,,100,,True,,278,275,,N07-M0031,,,0,6,,100,277,"[72, 73, 73, 73, 73, 73, 73, 72, 69, 70]",,,,7,,e6408fbb5797b2f2704dd547b06d6576263376320554423c1ee8de31ddc6dc03,,,"[72, 73, 73, 73, 73, 73, 74, 72, 69, 70]","[72, 73, 73, 73, 73, 73, 73, 69, 69, 70]",2026-09-13T14:48:33.658Z
node-7.jsonl,FINAL_SYNC_SEND,,,100,,,,,,,,N07-M0032,278,"[72, 73, 73, 73, 73, 73, 73, 73, 69, 70]",,7,,,,,8,,,,,,e6408fbb5797b2f2704dd547b06d6576263376320554423c1ee8de31ddc6dc03,,,,2026-09-13T14:48:33.662Z
node-8.jsonl,RECEIVE_STATE,,100,,100,,True,,279,254,,N07-M0032,,,0,8,,100,278,"[72, 73, 73, 73, 73, 73, 73, 73, 69, 70]",,,,7,,e6408fbb5797b2f2704dd547b06d6576263376320554423c1ee8de31ddc6dc03,,,"[72, 73, 73, 73, 73, 73, 73, 73, 71, 70]","[68, 69, 69, 69, 69, 69, 69, 69, 70, 69]",2026-09-13T14:48:33.668Z
node-8.jsonl,FINAL_SYNC_SEND,,,100,,,,,,,,N08-M0031,280,"[72, 73, 73, 73, 73, 73, 73, 73, 72, 70]",,8,,,,,7,,,,,,e6408fbb5797b2f2704dd547b06d6576263376320554423c1ee8de31ddc6dc03,,,,2026-09-13T14:48:33.673Z
node-7.jsonl,RECEIVE_STATE,,100,,100,,True,,281,278,,N08-M0031,,,0,7,,100,280,"[72, 73, 73, 73, 73, 73, 73, 73, 72, 70]",,,,8,,e6408fbb5797b2f2704dd547b06d6576263376320554423c1ee8de31ddc6dc03,,,"[72, 73, 73, 73, 73, 73, 73, 74, 72, 70]","[72, 73, 73, 73, 73, 73, 73, 73, 69, 70]",2026-09-13T14:48:33.678Z
node-8.jsonl,FINAL_SYNC_SEND,,,100,,,,,,,,N08-M0032,281,"[72, 73, 73, 73, 73, 73, 73, 73, 73, 70]",,8,,,,,9,,,,,,e6408fbb5797b2f2704dd547b06d6576263376320554423c1ee8de31ddc6dc03,,,,2026-09-13T14:48:33.683Z
node-9.jsonl,RECEIVE_STATE,,100,,100,,True,,282,257,,N08-M0032,,,0,9,,100,281,"[72, 73, 73, 73, 73, 73, 73, 73, 73, 70]",,,,8,,e6408fbb5797b2f2704dd547b06d6576263376320554423c1ee8de31ddc6dc03,,,"[72, 73, 73, 73, 73, 73, 73, 73, 73, 72]","[71, 69, 69, 69, 69, 69, 69, 69, 69, 71]",2026-09-13T14:48:33.687Z
node-9.jsonl,FINAL_SYNC_SEND,,,100,,,,,,,,N09-M0031,283,"[72, 73, 73, 73, 73, 73, 73, 73, 73, 73]",,9,,,,,8,,,,,,e6408fbb5797b2f2704dd547b06d6576263376320554423c1ee8de31ddc6dc03,,,,2026-09-13T14:48:33.693Z
node-8.jsonl,RECEIVE_STATE,,100,,100,,True,,284,281,,N09-M0031,,,0,8,,100,283,"[72, 73, 73, 73, 73, 73, 73, 73, 73, 73]",,,,9,,e6408fbb5797b2f2704dd547b06d6576263376320554423c1ee8de31ddc6dc03,,,"[72, 73, 73, 73, 73, 73, 73, 73, 74, 73]","[72, 73, 73, 73, 73, 73, 73, 73, 73, 70]",2026-09-13T14:48:33.699Z
node-9.jsonl,FINAL_SYNC_SEND,,,100,,,,,,,,N09-M0032,284,"[72, 73, 73, 73, 73, 73, 73, 73, 73, 74]",,9,,,,,0,,,,,,e6408fbb5797b2f2704dd547b06d6576263376320554423c1ee8de31ddc6dc03,,,,2026-09-13T14:48:33.701Z
node-0.jsonl,RECEIVE_STATE,,100,,100,,True,,285,260,,N09-M0032,,,0,0,,100,284,"[72, 73, 73, 73, 73, 73, 73, 73, 73, 74]",,,,9,,e6408fbb5797b2f2704dd547b06d6576263376320554423c1ee8de31ddc6dc03,,,"[74, 73, 73, 73, 73, 73, 73, 73, 73, 74]","[73, 72, 69, 69, 69, 69, 69, 69, 69, 70]",2026-09-13T14:48:33.706Z
